id,location_lat,location_lon,city_name_ar,city_name_en,region_name_ar,region_name_en,availability,available_units_count,available_units_for_auctions_count,basement,bookable,delegated_by_broker,developer_name,driver_room,elevator,maid_room,max_area,max_bathroom,max_bed_room,max_price,max_street_width,max_unit_age,min_area,min_bathroom,min_bed_room,min_price,min_street_width,min_unit_age,pool,project_name,project_type,publish,publish_date,under_construction_status,unit_types_0,use_register_interest_flag,views_count
project_1044,24.560109,46.519438,الرياض,AR RIYADH,الرياض,Riyadh,1,14,0,0,1,0,شركة المسكن المحدودة,0,0,0,196.54,0,3,780000.0,0,0,177.0,0,3,550000.0,0,0,0,المسكن ١٢ - الرياض,offplan_private_land,1,2022-08-30,under_construction,apartment,0,1039
project_1033,24.793165,46.633768,الرياض,AR RIYADH,الرياض,Riyadh,1,0,0,0,1,0,شركة جود العمارة للتطوير والاستثمار العقاري,0,0,0,331.01,0,3,2613750.0,0,0,110.8,0,2,1076250.0,0,0,0,جلامور - الرياض,offplan_private_land,1,2022-08-29,under_construction,apartment,0,1837
project_681,24.058337,42.836919,عفيف,AFIF,الرياض,Riyadh,1,61,0,0,1,0,لا يوجد مدخل,0,0,0,1260.0,0,1,0.0,0,0,556.5,0,1,0.0,0,0,0,مخطط 879  - العيدانية,lands_moh_land,1,2022-06-30,no entry,land,0,5995
project_378,18.446355,42.098271,محايل,MUHAYIL,عسير,'Asir,0,0,0,0,1,0,لا يوجد مدخل,0,0,0,551.252,0,1,0.0,0,0,476.212,0,1,0.0,0,0,0,مخطط جوهرة محايل - عسير,lands_moh_land,1,2022-01-20,no entry,land,0,372872
project_386,24.545443,44.404584,الدوادمي,AD DUWADIMI,الرياض,Riyadh,0,0,0,0,1,0,لا يوجد مدخل,0,0,0,945.05,0,1,0.0,0,0,400.0,0,1,0.0,0,0,0,مخطط طيبة العليا - الدوادمي,lands_moh_land,1,2022-01-20,no entry,land,0,50459
project_393,26.182713,43.614401,البكيرية,AL BUKAYRIYAH,القصيم,Qassim,0,0,0,0,1,0,لا يوجد مدخل,0,0,0,643.36,0,1,0.0,0,0,421.31,0,1,0.0,0,0,0,مخطط زهرة البكيرية - البكيرية,lands_moh_land,1,2022-01-20,no entry,land,0,67735
project_395,30.356711,42.249882,العويقلية,AL UWAYQILAH,الحدود الشمالية,Northern Borders,0,0,0,0,1,0,لا يوجد مدخل,0,0,0,573.2601,0,1,0.0,0,0,450.0,0,1,0.0,0,0,0,مخطط الورود - العويقلية,lands_moh_land,1,2022-01-20,no entry,land,0,5408
project_389,19.18114,41.195385,القنفذة,AL QUNFIDHAH,مكة المكرمة,Makkah,0,0,0,0,1,0,لا يوجد مدخل,0,0,0,502.000000024,0,1,0.0,0,0,500.999589796,0,1,0.0,0,0,0,مخطط الرفاة - القنفذة,lands_moh_land,1,2022-01-20,no entry,land,0,172120
project_397,16.867972,42.957302,ابو عريش,ABU ARISH,جازان,Jizan,0,0,0,0,1,0,لا يوجد مدخل,0,0,0,779.0,0,1,0.0,0,0,600.63,0,1,0.0,0,0,0,مخطط إسكان أبو عريش - أبو عريش,lands_moh_land,1,2022-01-20,no entry,land,0,14543
project_402,22.279591,46.713575,ليلى,LAYLA,الرياض,Riyadh,0,0,0,0,1,0,لا يوجد مدخل,0,0,0,865.4163,0,1,0.0,0,0,598.75,0,1,0.0,0,0,0,مخطط إسكان الأفلاج - الأفلاج,lands_moh_land,1,2022-01-20,no entry,land,0,8000
project_400,22.33625,39.822513,الكامل,AL KAMIL,مكة المكرمة,Makkah,0,0,0,0,1,0,لا يوجد مدخل,0,0,0,450.0,0,1,0.0,0,0,450.0,0,1,0.0,0,0,0,مخطط إسكان الكامل - الكامل,lands_moh_land,1,2022-01-20,no entry,land,0,50452
project_398,27.22034,42.446524,الشنان,ASH SHINAN,حائل,Ha'il,0,0,0,0,1,0,لا يوجد مدخل,0,0,0,560.0,0,1,0.0,0,0,475.0,0,1,0.0,0,0,0,مخطط إسكان الشنان - الشنان,lands_moh_land,1,2022-01-20,no entry,land,0,6600
project_404,23.792337,38.724246,بدر,BADR,المدينة المنورة,Madinah,0,0,0,0,1,0,لا يوجد مدخل,0,0,0,450.0,0,1,0.0,0,0,450.0,0,1,0.0,0,0,0,مخطط إسكان بدر - بدر,lands_moh_land,1,2022-01-20,no entry,land,0,19030
project_728,24.54346,43.958677,الدوادمي,AD DUWADIMI,الرياض,Riyadh,1,353,0,0,1,0,لا يوجد مدخل,0,0,0,1336.74843661115,0,1,0.0,0,0,580.871898192912,0,1,0.0,0,0,0,144 - وادي الرشاء,lands_moh_land,1,2022-06-30,no entry,land,0,5253
project_407,27.508793,41.77225,حائل,HAIL,حائل,Ha'il,0,0,0,0,1,0,لا يوجد مدخل,0,0,0,669.31,0,1,0.0,0,0,421.46,0,1,0.0,0,0,0,مخطط إسكان حائل - حائل,lands_moh_land,1,2022-01-20,no entry,land,0,123779
project_408,27.619375,38.490426,تيماء,TAYMA',تبوك,Tabuk,0,0,0,0,1,0,لا يوجد مدخل,0,0,0,515.5,0,1,0.0,0,0,460.0,0,1,0.0,0,0,0,مخطط إسكان تيماء - تيماء,lands_moh_land,1,2022-01-20,no entry,land,0,27299
project_411,29.807707,40.167496,سكاكا,SAKAKA,الجوف,Jawf,0,0,0,0,1,0,لا يوجد مدخل,0,0,0,777.067,0,1,0.0,0,0,479.995,0,1,0.0,0,0,0,مخطط إسكان سكاكا 2 - سكاكا,lands_moh_land,1,2022-01-20,no entry,land,0,27008
project_410,26.060963,44.095049,عنيزة,UNAYZAH,القصيم,Qassim,0,0,0,0,1,0,لا يوجد مدخل,0,0,0,541.25,0,1,0.0,0,0,497.0,0,1,0.0,0,0,0,مخطط إسكان عنيزة - عنيزة,lands_moh_land,1,2022-01-20,no entry,land,0,1675753
project_413,31.013132,41.054961,عرعر,AR'AR,الحدود الشمالية,Northern Borders,0,0,0,0,1,0,لا يوجد مدخل,0,0,0,500.0,0,1,0.0,0,0,492.0,0,1,0.0,0,0,0,مخطط إسكان عرعر - عرعر,lands_moh_land,1,2022-01-20,no entry,land,0,17726
project_424,27.019028,47.051472,قرية (قرية العليا),QARYAT AL 'ULYA,المنطقة الشرقية,Eastern Province,1,5,0,0,1,0,لا يوجد مدخل,0,0,0,1000.0,0,1,0.0,0,0,600.0,0,1,0.0,0,0,0,مخطط العليا - قرية العليا,lands_moh_land,1,2022-01-20,no entry,land,0,23036
project_457,24.098672,45.309165,القويعية,QUWAY'IYAH,الرياض,Riyadh,0,0,0,0,1,0,لا يوجد مدخل,0,0,0,1065.648077,0,1,0.0,0,0,500.0,0,1,0.0,0,0,0,مخطط روضة الصفا - القويعية,lands_moh_land,1,2022-01-20,no entry,land,0,54878
project_489,26.252625,43.911115,بريدة,BURAYDAH,القصيم,Qassim,1,16,16,0,0,0,لا يوجد مدخل,0,0,0,982.952053,0,1,0.0,0,0,452.830401,0,1,0.0,0,0,0,مخطط خب الروضان - بريدة,lands_moh_land,1,2022-01-20,no entry,land,0,64816
project_573,17.638249,42.236922,الدرب,AD DARB,جازان,Jizan,0,0,0,0,1,0,لا يوجد مدخل,0,0,0,550.0,0,1,0.0,0,0,450.0,0,1,0.0,0,0,0,مخطط روابي عتود  - الدرب,lands_moh_land,1,2022-01-20,no entry,land,0,548507
project_579,17.511119,47.051395,شرورة,SHARURAH,نجران,Najran,0,0,0,0,1,0,لا يوجد مدخل,0,0,0,550.0041,0,1,0.0,0,0,449.9956,0,1,0.0,0,0,0,مخطط درة شرورة - شرورة,lands_moh_land,1,2022-01-20,no entry,land,0,2199223
project_727,25.652161,46.365477,ثادق,THADIQ,الرياض,Riyadh,0,0,0,0,1,0,لا يوجد مدخل,0,0,0,747.999999999351,0,1,0.0,0,0,599.999999971741,0,1,0.0,0,0,0,مخطط ثادق 717,lands_moh_land,1,2022-06-30,no entry,land,0,6513
project_586,18.425191,42.715984,خميس مشيط,KHAMIS MUSHAYT,عسير,'Asir,1,13,0,0,0,0,لا يوجد مدخل,0,0,0,706.676121,0,1,0.0,0,0,376.749647,0,1,0.0,0,0,0,مخطط درة الخميس - خميس مشيط,lands_moh_land,1,2022-01-20,no entry,land,0,1954413
project_595,17.522757,44.679211,بئر خباش,BIR KHUBASH,نجران,Najran,0,0,0,0,1,0,لا يوجد مدخل,0,0,0,550.0,0,1,0.0,0,0,475.0,0,1,0.0,0,0,0,مخطط أزهار الوفاء - خباش,lands_moh_land,1,2022-01-20,no entry,land,0,272842
project_602,17.21360696,42.62261421,صبيا,SABYA,جازان,Jizan,1,4,0,0,0,0,لا يوجد مدخل,0,0,0,612.5,0,1,0.0,0,0,411.6,0,1,0.0,0,0,0,مخطط روضة نخلان - صبيا,lands_moh_land,1,2022-01-20,no entry,land,0,1327905
project_5,24.953067,46.627008,الرياض,AR RIYADH,الرياض,Riyadh,0,0,0,0,1,0,الشركة الوطنية للإسكان,0,0,0,317.5,0,6,1674180.0,0,0,133.0,0,2,299250.0,0,0,0,مرسية - الرياض,offplan_moh_land,1,2022-01-06,under_construction,apartment,0,402475
project_15,18.286109,42.513347,ابها,ABHA,عسير,'Asir,1,48,0,0,1,0,علي شار,0,0,0,500.0,0,5,1594448.0,0,0,250.0,0,3,577000.0,0,0,0,تلال أبها - أبها,offplan_moh_land,1,2022-01-06,under_construction,townhouse,0,82119
project_60,26.526407,49.972012,القطيف,AL QATIF,المنطقة الشرقية,Eastern Province,0,0,0,0,1,0,الرائم للمقاولات,0,0,0,213.0,0,4,410753.0,0,0,213.0,0,4,410753.0,0,0,0,القطيف البدراني -  القطيف,offplan_moh_land,1,2022-01-06,under_construction,apartment,0,7066
project_130,26.199053,50.184197,الخبر,AL KHUBAR,المنطقة الشرقية,Eastern Province,0,0,0,0,1,0,دار واعمار للاستثمار والتطوير العقاري,0,0,0,319.66,0,4,1025000.0,0,0,200.12,0,4,744000.0,0,0,0,سرايا الغروب  - الخبر,offplan_private_land,1,2022-01-06,under_construction,villa,0,4713
project_375,26.350694,50.096472,الدمام,AD DAMMAM,المنطقة الشرقية,Eastern Province,0,0,0,0,1,0,الرائم للمقاولات,0,0,0,203.0,0,3,690200.0,0,0,133.0,0,2,472150.0,0,0,0,عوالي الظهران - الدمام,offplan_private_land,1,2022-01-06,under_construction,apartment,0,3278
project_355,21.801902,39.046379,جدة,JEDDAH,مكة المكرمة,Makkah,1,124,0,0,1,0,شركة الأثير للتطوير والاستثمار العقاري,0,0,0,313.74,0,4,1087940.0,0,0,122.13,0,2,386587.0,0,0,0,أبحر بارك - جدة,offplan_private_land,1,2022-01-06,under_construction,apartment,0,77380
project_381,24.892575,46.644663,الرياض,AR RIYADH,الرياض,Riyadh,0,0,0,0,1,0,دار واعمار للاستثمار والتطوير العقاري,0,0,0,275.4,0,4,1026235.0,0,0,200.1,0,4,721458.0,0,0,0,سرايا النرجس - الرياض,offplan_moh_land,1,2022-01-06,under_construction,townhouse,0,27286
project_729,24.545152,43.902027,الدوادمي,AD DUWADIMI,الرياض,Riyadh,1,65,0,0,1,0,لا يوجد مدخل,0,0,0,736.0,0,1,0.0,0,0,595.5,0,1,0.0,0,0,0,مخطط أ/ 228,lands_moh_land,1,2022-06-30,no entry,land,0,4290
project_588,21.463467,40.440576,الطائف,AT TAIF,مكة المكرمة,Makkah,1,25,0,0,1,0,شركة الفاف للتطوير العقاري,0,0,0,756.35,0,4,1241932.0,0,0,282.4068,0,4,846800.0,0,0,0,تاج المصيف - الطائف,offplan_private_land,1,2022-01-06,under_construction,villa,0,24015
project_628,24.926167,46.639694,الرياض,AR RIYADH,الرياض,Riyadh,0,0,0,0,1,0,عبدالرحمن الراشد وأولاده,0,0,0,485.935,0,5,1421510.0,0,0,200.0,0,4,662429.0,0,0,0,النرجس فيو - الرياض,offplan_moh_land,1,2022-01-06,under_construction,townhouse,0,37327
project_629,24.931846,46.645391,الرياض,AR RIYADH,الرياض,Riyadh,0,0,0,0,1,0,رتال,0,0,0,418.0,0,4,1036220.0,0,0,248.5,0,4,732791.0,0,0,0,نساج تاون - الرياض,offplan_moh_land,1,2022-01-06,under_construction,villa,0,32893
project_630,24.940556,46.638722,الرياض,AR RIYADH,الرياض,Riyadh,0,0,0,0,1,0,دار واعمار للاستثمار والتطوير العقاري,0,0,0,375.0,0,5,1163491.0,0,0,250.0,0,4,682221.0,0,0,0,سرايا الجوان - الرياض,offplan_moh_land,1,2022-01-06,under_construction,villa,0,36251
project_649,21.768167,39.184389,جدة,JEDDAH,مكة المكرمة,Makkah,0,0,0,0,1,0,شركة الأولى لتطوير العقارات,0,0,0,305.02,0,4,1303527.0,0,0,250.0,0,4,844900.0,0,0,0,المهندية - جدة,offplan_moh_land,1,2022-01-06,under_construction,villa,0,30864
project_648,24.9473889,46.6406667,الرياض,AR RIYADH,الرياض,Riyadh,0,0,0,0,1,0,ثبات المسكن العقارية,0,0,0,400.0,0,5,1480676.0,0,0,240.0,0,4,642125.0,0,0,0,المهندية - الرياض,offplan_moh_land,1,2022-01-06,under_construction,villa,0,12040
project_650,21.767833,39.182528,جدة,JEDDAH,مكة المكرمة,Makkah,1,121,0,0,1,0,مكيون مطورون عمرانيون,0,0,0,263.75,0,4,832821.0,0,0,169.43,0,2,458641.0,0,0,0,سما جدة - جدة,offplan_moh_land,1,2022-01-06,under_construction,apartment,0,46963
project_666,21.77639,39.18715,جدة,JEDDAH,مكة المكرمة,Makkah,0,0,0,0,1,0,شركة سمو العقارية مساهمة مدرجة,0,0,0,337.6,0,6,1224806.0,0,0,200.0,0,3,667115.0,0,0,0,دار سمو - جدة,offplan_moh_land,1,2022-01-06,under_construction,townhouse,0,26138
project_998,21.552528,39.283778,جدة,JEDDAH,مكة المكرمة,Makkah,1,2,0,0,1,0,شركة درة الذهبية للتطوير العقاري,0,0,0,230.0,0,6,760000.0,0,0,230.0,0,6,760000.0,0,0,0,درة الذهبية 25 - جدة,readymade_private_land,1,2022-01-06,construction_completed,apartment,0,5708
project_999,21.539222,39.295556,جدة,JEDDAH,مكة المكرمة,Makkah,1,2,0,0,1,0,شركة درة الذهبية للتطوير العقاري,0,0,0,217.0,0,6,730000.0,0,0,217.0,0,6,730000.0,0,0,0,درة الذهبية 27 - جدة,readymade_private_land,1,2022-01-06,construction_completed,apartment,0,13038
project_974,27.549589,47.726099,قرية (قرية العليا),QARYAT AL 'ULYA,المنطقة الشرقية,Eastern Province,1,86,0,0,1,0,لا يوجد مدخل,0,0,0,1460.59,0,1,0.0,0,0,424.05,0,1,0.0,0,0,0,مخطط 119/20 - قرية العليا,lands_moh_land,1,2022-06-30,no entry,land,0,8083
project_971,24.562336,46.569412,الرياض,AR RIYADH,الرياض,Riyadh,1,10,0,0,1,0,شركة مرسى البحار للمقاولات العامة,0,0,0,199.48,0,5,731250.0,0,0,153.1,0,4,542848.0,0,0,0,مارينا ريزدينس - الرياض,offplan_private_land,1,2021-12-19,under_construction,apartment,0,46439
project_997,21.571694,39.249639,جدة,JEDDAH,مكة المكرمة,Makkah,0,0,0,0,1,0,شركة أفاق الذهبية المحدودة,0,0,0,195.0,0,3,790000.0,0,0,184.8,0,3,590000.0,0,0,0,جواهر الواحة - جدة,offplan_private_land,1,2021-12-16,under_construction,apartment,0,10628
project_991,21.701096,39.209686,جدة,JEDDAH,مكة المكرمة,Makkah,1,1,0,0,1,0,شركة عراب التمليك للتطوير العقاري,0,0,0,215.0,0,2,650000.0,0,0,107.5,0,2,400000.0,0,0,0,عراب التمليك 101 - 102  - جدة,offplan_private_land,1,2021-12-06,under_construction,apartment,0,12730
project_995,24.92675,46.878028,الرياض,AR RIYADH,الرياض,Riyadh,0,0,0,0,1,0,شركة ساطعة التعمير للتطوير والاستثمار العقاري,0,0,0,520.0,0,5,2173556.0,0,0,300.0,0,4,795000.0,0,0,0,أكنان الشرق - الرياض,offplan_private_land,1,2021-12-05,under_construction,villa,0,25824
project_390,23.363929,45.387554,الرين,AR RAYN,الرياض,Riyadh,1,40,0,0,1,0,لا يوجد مدخل,0,0,0,826.79,0,1,0.0,0,0,431.33,0,1,0.0,0,0,0,مخطط مركز شلاح - الرين,lands_moh_land,1,2021-11-17,no entry,land,0,20037
project_376,26.346025,49.9764004,الدمام,AD DAMMAM,المنطقة الشرقية,Eastern Province,1,63,0,0,1,0,شركة تمكين للاستثمار و التطوير العقارى,0,0,0,190.76,0,4,546553.0,0,0,129.67,0,2,309911.0,0,0,0,نعمى - الدمام,offplan_moh_land,1,2021-11-16,under_construction,apartment,0,20188
project_580,24.1630454,47.259627,الخرج,AL KHARJ,الرياض,Riyadh,1,10,0,0,1,0,فرع شركة خطى الخير للتشغيل والصيانة,0,0,0,526.006,0,4,1018813.0,0,0,274.59,0,3,767166.0,0,0,0,الدانة الغربي - الخرج,offplan_private_land,1,2021-11-16,under_construction,villa,0,10157
project_587,21.500848,39.203381,جدة,JEDDAH,مكة المكرمة,Makkah,1,11,0,0,1,0,شركة الحناكي للتطوير العقاري,0,0,0,216.0,0,3,832464.0,0,0,196.0,0,3,665028.0,0,0,0,جدة قاردنز - جدة -  شركة الحناكي,offplan_private_land,1,2021-11-16,under_construction,apartment,0,14432
project_690,26.3659423,50.226498817,الخبر,AL KHUBAR,المنطقة الشرقية,Eastern Province,0,0,0,0,1,0,رتال,0,0,0,1061.0,0,5,4422149.0,0,0,525.0,0,4,2612662.0,0,0,0,أيالا النخيل - الخبر,offplan_private_land,1,2021-11-16,under_construction,villa,0,5407
project_702,24.7949459,46.802454717,الرياض,AR RIYADH,الرياض,Riyadh,0,0,0,0,1,0,شركة فيصل عبدالله بن سعيدان للاستثمار والتطويرالعقاري,0,0,0,162.9,0,3,733050.0,0,0,127.5,0,3,599250.0,0,0,0,اشبيليا - الرياض,offplan_private_land,1,2021-11-16,under_construction,apartment,0,6493
project_980,26.866979,47.119182,قرية (قرية العليا),QARYAT AL 'ULYA,المنطقة الشرقية,Eastern Province,1,173,0,0,1,0,لا يوجد مدخل,0,0,0,750.0,0,1,0.0,0,0,600.0,0,1,0.0,0,0,0,مخطط البويبيات - 47/18,lands_moh_land,1,2022-06-30,no entry,land,0,2306
project_709,25.449809,49.651795,المبرز,AL MUBARRAZ,المنطقة الشرقية,Eastern Province,1,1,0,0,1,0,شركة مساكن أفياء للتطوير والاستثمار العقاري,0,0,0,401.86,0,5,1440000.0,0,0,226.35,0,5,1170000.0,0,0,0,أفياء السكني - الشرقية,offplan_private_land,1,2021-11-16,under_construction,villa,0,7063
project_706,24.9225062,46.6441167858,الرياض,AR RIYADH,الرياض,Riyadh,0,0,0,0,0,0,شركة محمد عبدالعزيز الحبيب وشركاؤه للاستثمار العقاري,0,0,0,438.0,0,4,1789477.0,0,0,249.5,0,4,985554.0,0,0,0,أصالة الجوان - الرياض,offplan_moh_land,1,2021-11-16,under_construction,townhouse,0,22374
project_708,21.744222,39.202333,جدة,JEDDAH,مكة المكرمة,Makkah,1,1,0,0,1,0,شركة دور العقارية للعقارات المحدودة,0,0,0,220.5,0,3,750000.0,0,0,206.0,0,3,699000.0,0,0,0,الاندلسية - جدة,offplan_private_land,1,2021-11-16,under_construction,apartment,0,26124
project_722,21.798018,39.097141,جدة,JEDDAH,مكة المكرمة,Makkah,0,0,0,0,1,0,مؤسسة لؤلؤة فرسان,0,0,0,333.5,0,7,2100000.0,0,0,287.5,0,5,1800000.0,0,0,0,لؤلؤة الفرسان - جدة,offplan_private_land,1,2021-11-16,under_construction,villa,0,8337
project_725,24.518015,39.688552,المدينة المنورة,AL MADINAH AL MUNAWWARAH,المدينة المنورة,Madinah,1,5,0,0,0,0,شركة دور العقارية للعقارات المحدودة,0,0,0,324.0,0,5,1025000.0,0,0,125.5,0,3,425000.0,0,0,0,زاهية - المدينة المنورة,offplan_private_land,1,2021-11-16,under_construction,apartment,0,28797
project_968,21.347889,39.903389,مكة المكرمة,MAKKAH AL MUKARRAMAH,مكة المكرمة,Makkah,1,26,0,0,1,0,شركة ساطعة التعمير للتطوير والاستثمار العقاري,0,0,0,219.0,0,4,1930470.0,0,0,104.0,0,2,674800.0,0,0,0,أكنان العوالي - مكة المكرمة,offplan_private_land,1,2021-11-16,under_construction,apartment,0,17171
project_47,26.219611,50.204833,الخبر,AL KHUBAR,المنطقة الشرقية,Eastern Province,1,28,0,0,1,0,الرائم للمقاولات,0,0,0,181.0,0,3,900000.0,0,0,145.0,0,3,530000.0,0,0,0,الشروق - الخبر,offplan_private_land,1,2021-11-15,under_construction,apartment,0,10937
project_975,24.531389,46.635111,الرياض,AR RIYADH,الرياض,Riyadh,1,96,0,0,1,0,شركة فيصل عبدالله بن سعيدان للاستثمار والتطويرالعقاري,0,0,0,289.86,0,4,716800.0,0,0,109.74,0,1,417012.0,0,0,0,نزل الحزم - الرياض,offplan_private_land,1,2021-11-15,under_construction,apartment,0,29003
project_970,24.806442,46.626184,الرياض,AR RIYADH,الرياض,Riyadh,0,0,0,0,1,0,شركة جود العمارة للتطوير والاستثمار العقاري,0,0,0,216.66,0,4,1650000.0,0,0,204.94,0,4,950000.0,0,0,0,نزل فاتن - الرياض,offplan_private_land,1,2021-11-11,under_construction,apartment,0,11723
project_712,26.359721,50.098023,الدمام,AD DAMMAM,المنطقة الشرقية,Eastern Province,1,41,0,0,1,0,شركة روض الخزامى للتطوير العقاري,0,0,0,339.0,0,5,1440000.0,0,0,204.0,0,4,880000.0,0,0,0,برج روض الخزامى السكني - الدمام,readymade_private_land,1,2021-11-02,construction_completed,apartment,0,4681
project_983,24.606367,43.601602,الدوادمي,AD DUWADIMI,الرياض,Riyadh,1,54,0,0,1,0,لا يوجد مدخل,0,0,0,674.273507364059,0,1,0.0,0,0,586.538541633058,0,1,0.0,0,0,0,مخطط الصالحية - 130,lands_moh_land,1,2022-06-30,no entry,land,0,2579
project_969,24.48824,39.619506,المدينة المنورة,AL MADINAH AL MUNAWWARAH,المدينة المنورة,Madinah,1,10,0,0,1,0,شركة راج العقارية,0,0,0,217.0,0,4,729000.0,0,0,119.5,0,2,355000.0,0,0,0,مساكن الروضة - المدينة المنورة,offplan_private_land,1,2021-11-01,under_construction,apartment,0,18646
project_101,0.0,0.0,حائل,HAIL,حائل,Ha'il,0,0,0,0,0,0,وزارة الإسكان,0,0,0,886.55,0,3,371500.0,0,0,420.0,0,3,371500.0,0,0,0,إسكان حائل - حائل,readymade_moh_land,1,2021-10-28,construction_completed,villa,0,8706
project_694,22.4104852,39.08236421802,مدينة الملك عبدالله الاقتصادية,King Abdullah Economic City,مكة المكرمة,Makkah,1,34,0,0,1,0,شركة اعمار المدينة الاقتصادية,0,0,0,283.6,0,3,2960209.0,0,0,60.17,0,1,456683.0,0,0,0,مدينة الملك عبدالله الاقتصادية - البيلسان,readymade_private_land,1,2021-10-28,construction_completed,apartment,0,2403
project_697,22.4420678,39.1131563901,مدينة الملك عبدالله الاقتصادية,King Abdullah Economic City,مكة المكرمة,Makkah,1,4,4,0,0,0,شركة اعمار المدينة الاقتصادية,0,0,0,966.87,0,5,2611072.0,0,0,407.69,0,3,1422176.25,0,0,0,مدينة الملك عبدالله الاقتصادية - التالة جاردنز 1.3,readymade_private_land,1,2021-10-28,construction_completed,villa,0,8886
project_695,22.4499049,39.0975643901,مدينة الملك عبدالله الاقتصادية,King Abdullah Economic City,مكة المكرمة,Makkah,1,343,0,0,1,0,شركة اعمار المدينة الاقتصادية,0,0,0,1267.31,0,1,1599680.0,0,0,427.4,0,1,494908.0,0,0,0,مدينة الملك عبدالله الاقتصادية - المروج,lands_private_land,1,2021-10-28,no entry,land,0,35880
project_700,22.4611687,39.1064594901,مدينة الملك عبدالله الاقتصادية,King Abdullah Economic City,مكة المكرمة,Makkah,1,9,9,0,0,0,شركة اعمار المدينة الاقتصادية,0,0,0,323.6,0,4,1294077.2,0,0,69.5,0,1,421192.85,0,0,0,مدينة الملك عبدالله الاقتصادية - الواحة,readymade_private_land,1,2021-10-28,construction_completed,apartment,0,12638
project_696,22.4915935,39.1059594901,مدينة الملك عبدالله الاقتصادية,King Abdullah Economic City,مكة المكرمة,Makkah,1,89,89,0,0,0,شركة اعمار المدينة الاقتصادية,0,0,0,163.2,0,4,693628.0,0,0,62.14,0,1,279660.0,0,0,0,مدينة الملك عبدالله الاقتصادية - الشروق,readymade_private_land,1,2021-10-28,construction_completed,apartment,0,2582
project_698,0.0,22.442067839,مدينة الملك عبدالله الاقتصادية,King Abdullah Economic City,مكة المكرمة,Makkah,1,230,0,0,1,0,شركة اعمار المدينة الاقتصادية,0,0,0,793.9,0,1,621428.0,0,0,280.0,0,1,265650.0,0,0,0,مدينة الملك عبدالله الاقتصادية - التالة جاردنز,lands_private_land,1,2021-10-28,no entry,land,0,35390
project_732,21.760861,39.09375,جدة,JEDDAH,مكة المكرمة,Makkah,1,9,0,0,1,0,سعيد مسفر الغامدي للتطوير العقاري,0,0,0,345.0,0,7,2200000.0,0,0,345.0,0,7,2200000.0,0,0,0,نجمة الصفوة - جدة,readymade_private_land,1,2021-10-28,construction_completed,villa,0,36902
project_106,21.576123,39.239075,جدة,JEDDAH,مكة المكرمة,Makkah,1,14,0,0,1,0,سندس العقارية,0,0,0,199.6,0,3,858280.0,0,0,134.8,0,2,403052.0,0,0,0,أبراج بوابة التحلية - جدة,offplan_private_land,1,2021-10-27,under_construction,apartment,0,33337
project_986,23.476689,44.373787,القويعية,QUWAY'IYAH,الرياض,Riyadh,1,127,0,0,1,0,لا يوجد مدخل,0,0,0,547.56,0,1,0.0,0,0,340.0,0,1,0.0,0,0,0,مخطط 139 القويعية,lands_moh_land,1,2022-06-30,no entry,land,0,6091
project_710,24.813338,46.7861705,الرياض,AR RIYADH,الرياض,Riyadh,0,0,0,0,1,0,شركة الأشغال العقارية,0,0,0,150.08,0,3,795000.0,0,0,27.5548,0,2,490000.0,0,0,0,هبيتات - الرياض,offplan_private_land,1,2021-10-27,under_construction,apartment,0,16280
project_667,18.350852,42.746197,خميس مشيط,KHAMIS MUSHAYT,عسير,'Asir,1,167,0,0,1,0,عبدالرحمن الراشد وأولاده,0,0,0,569.725,0,5,901004.0,0,0,262.08,0,4,609909.0,0,0,0,خميس فيو - خميس مشيط,offplan_moh_land,1,2021-10-17,under_construction,villa,0,39941
project_713,26.373444,50.105694,الدمام,AD DAMMAM,المنطقة الشرقية,Eastern Province,0,0,0,0,0,0,الشركة الوطنية للإسكان,0,0,0,874.91,0,1,1992170.07,0,0,673.07,0,1,1462917.64,0,0,0,أرض الراجحي - الدمام,lands_private_land,1,2021-10-13,no entry,land,0,12160
project_724,24.423694,39.688056,المدينة المنورة,AL MADINAH AL MUNAWWARAH,المدينة المنورة,Madinah,1,3,0,0,0,0,شركة دور العقارية للعقارات المحدودة,0,0,0,299.4,0,4,1050000.0,0,0,186.5,0,3,675000.0,0,0,0,جنان السكني - المدينة المنورة,offplan_private_land,1,2021-09-30,under_construction,apartment,0,25278
project_723,24.539033,39.683141,المدينة المنورة,AL MADINAH AL MUNAWWARAH,المدينة المنورة,Madinah,1,1,1,0,0,0,شركة دور العقارية للعقارات المحدودة,0,0,0,330.0,0,4,999000.0,0,0,283.0,0,4,799000.0,0,0,0,أنوار السكني - المدينة المنورة,offplan_private_land,1,2021-09-30,under_construction,apartment,0,18789
project_688,24.382954,39.670739,المدينة المنورة,AL MADINAH AL MUNAWWARAH,المدينة المنورة,Madinah,1,377,377,0,0,0,شركة قواعد الانماء للإنشاء والتطوير,0,0,0,1346.48,0,1,1855986.0,0,0,210.0,0,1,262500.0,0,0,0,مخطط الاندلس - المدينة المنورة,lands_private_land,1,2021-09-14,no entry,land,0,137156
project_689,26.3490285,50.093921317,الدمام,AD DAMMAM,المنطقة الشرقية,Eastern Province,1,31,0,0,1,0,الرائم للمقاولات,0,0,0,182.0,0,3,819000.0,0,0,153.0,0,3,604350.0,0,0,0,الفاخرية - الدمام,offplan_private_land,1,2021-08-31,under_construction,apartment,0,8995
project_707,26.227053,50.204482,الخبر,AL KHUBAR,المنطقة الشرقية,Eastern Province,1,1,0,0,1,0,شركة سكنا للتطوير العقاري,0,0,0,161.0,0,3,685000.0,0,0,90.0,0,2,465000.0,0,0,0,مجمع أريس السكني - الدمام,offplan_private_land,1,2021-08-31,under_construction,apartment,0,11090
project_135,26.875936,40.332131,الشملي,ASH SHAMLI,حائل,Ha'il,0,0,0,0,1,0,لا يوجد مدخل,0,0,0,585.397,0,1,0.0,0,0,469.335,0,1,0.0,0,0,0,مخطط الشملي,lands_moh_land,1,2021-08-27,no entry,land,0,1943
project_143,27.463522,48.535558,النعيرية,AN NU'AYRIYAH,المنطقة الشرقية,Eastern Province,0,0,0,0,1,0,لا يوجد مدخل,0,0,0,568.23,0,1,0.0,0,0,450.0,0,1,0.0,0,0,0,مشروع  أنوار الخليج - النعيرية,lands_moh_land,1,2021-08-27,no entry,land,0,140397
project_982,27.72325,42.531835,بقعاء,BAQ'A,حائل,Ha'il,1,2,0,0,1,0,لا يوجد مدخل,0,0,0,1155.0,0,1,0.0,0,0,884.1,0,1,0.0,0,0,0,مخطط الشعلانية  357/3,lands_moh_land,1,2022-06-30,no entry,land,0,1988
project_147,25.515164,47.190506,رماح,RUMAH,الرياض,Riyadh,0,0,0,0,1,0,لا يوجد مدخل,0,0,0,500.0,0,1,0.0,0,0,495.0,0,1,0.0,0,0,0,مشروع إسكان رماح,lands_moh_land,1,2021-08-27,no entry,land,0,13768
project_140,17.477711,47.06493,شرورة,SHARURAH,نجران,Najran,1,8,8,0,0,0,لا يوجد مدخل,0,0,0,553.0,0,1,0.0,0,0,400.0,0,1,0.0,0,0,0,مخطط النزهة - شرورة,lands_moh_land,1,2021-08-27,no entry,land,0,106802
project_156,18.143111,42.846972,احد رفيده,AHAD RIFAYDAH,عسير,'Asir,0,0,0,0,1,0,لا يوجد مدخل,0,0,0,400.0,0,1,0.0,0,0,400.0,0,1,0.0,0,0,0,مشروع  نسيم الجبل - أحد رفيدة,lands_moh_land,1,2021-08-27,no entry,land,0,105087
project_154,20.158545,40.265307,الليث,AL LITH,مكة المكرمة,Makkah,1,5,5,0,0,0,لا يوجد مدخل,0,0,0,502.001211745,0,1,0.0,0,0,500.998535562,0,1,0.0,0,0,0,الليث,lands_moh_land,1,2021-08-27,no entry,land,0,70623
project_157,17.378554,42.448969,بيش,BAYSH,جازان,Jizan,0,0,0,0,1,0,لا يوجد مدخل,0,0,0,536.25,0,1,0.0,0,0,487.5,0,1,0.0,0,0,0,بيش 83,lands_moh_land,1,2021-08-27,no entry,land,0,37996
project_161,18.558944,44.192556,يدمة,YADAMAH,نجران,Najran,0,0,0,0,1,0,لا يوجد مدخل,0,0,0,711.0,0,1,0.0,0,0,456.06,0,1,0.0,0,0,0,مخطط أصيل اللجام - يدمة,lands_moh_land,1,2021-08-27,no entry,land,0,11885
project_164,21.37055,40.620688,الطائف,AT TAIF,مكة المكرمة,Makkah,0,0,0,0,1,0,لا يوجد مدخل,0,0,0,450.0,0,1,0.0,0,0,450.0,0,1,0.0,0,0,0,وادي جليل,lands_moh_land,1,2021-08-27,no entry,land,0,8162881
project_158,19.950418,42.599198,بيشه (بيشه),BISHAH,عسير,'Asir,0,0,0,0,1,0,لا يوجد مدخل,0,0,0,550.41,0,1,0.0,0,0,450.0,0,1,0.0,0,0,0,مشروع الزهور - بيشة,lands_moh_land,1,2021-08-27,no entry,land,0,11859
project_165,28.431806,48.435944,الخفجي,AL KHAFJI,المنطقة الشرقية,Eastern Province,1,4,0,0,0,0,لا يوجد مدخل,0,0,0,633.12,0,1,0.0,0,0,423.41,0,1,0.0,0,0,0,مشروع جوهرة الخفجي,lands_moh_land,1,2021-08-27,no entry,land,0,378600
project_166,20.415434,44.918593,وادي الدواسر,WADI AD DAWASIR,الرياض,Riyadh,1,7,7,0,0,0,لا يوجد مدخل,0,0,0,500.0,0,1,0.0,0,0,500.0,0,1,0.0,0,0,0,مشروع منتزه الوادي - وادي الدواسر,lands_moh_land,1,2021-08-27,no entry,land,0,86729
project_981,27.101857,47.015506,قرية (قرية العليا),QARYAT AL 'ULYA,المنطقة الشرقية,Eastern Province,1,183,0,0,1,0,لا يوجد مدخل,0,0,0,1246.97,0,1,0.0,0,0,575.49,0,1,0.0,0,0,0,مخطط ش.ع 172 الرفاع,lands_moh_land,1,2022-06-30,no entry,land,0,1751
project_172,17.375429,42.424493,بيش,BAYSH,جازان,Jizan,0,0,0,0,1,0,لا يوجد مدخل,0,0,0,686.69,0,1,0.0,0,0,489.6,0,1,0.0,0,0,0,مخطط لؤلؤة الشاطئ,lands_moh_land,1,2021-08-27,no entry,land,0,53301
project_170,27.849254,42.455576,بقعاء,BAQ'A,حائل,Ha'il,1,88,88,0,0,0,لا يوجد مدخل,0,0,0,1107.199124,0,1,0.0,0,0,472.088256,0,1,0.0,0,0,0,موقع بقعاء 2,lands_moh_land,1,2021-08-27,no entry,land,0,9124
project_173,16.69472,42.103619,فرسان,FARASAN,جازان,Jizan,0,0,0,0,1,0,لا يوجد مدخل,0,0,0,531.0,0,1,0.0,0,0,480.0,0,1,0.0,0,0,0,مشروع  شاطئ فرسان,lands_moh_land,1,2021-08-27,no entry,land,0,22104
project_191,25.8865,45.39775,المجمعة,AL MAJMA'AH,الرياض,Riyadh,0,0,0,0,1,0,لا يوجد مدخل,0,0,0,529.765,0,1,0.0,0,0,475.0,0,1,0.0,0,0,0,مشروع الملتقى - المجمعة,lands_moh_land,1,2021-08-27,no entry,land,0,1196621
project_193,26.278117,41.373561,السليمي,AS SULAYMI,حائل,Ha'il,0,0,0,0,1,0,لا يوجد مدخل,0,0,0,584.586,0,1,0.0,0,0,491.252,0,1,0.0,0,0,0,مشروع الروابي - حائل,lands_moh_land,1,2021-08-27,no entry,land,0,4270
project_187,20.00213,42.690259,بيشه (بيشه),BISHAH,عسير,'Asir,0,0,0,0,1,0,لا يوجد مدخل,0,0,0,660.854774125715,0,1,0.0,0,0,437.498691985375,0,1,0.0,0,0,0,مشروع  نسيم الريان - بيشة,lands_moh_land,1,2021-08-27,no entry,land,0,10204
project_194,26.055917,44.102333,عنيزة,UNAYZAH,القصيم,Qassim,0,0,0,0,1,0,لا يوجد مدخل,0,0,0,600.0,0,1,0.0,0,0,230.0,0,1,0.0,0,0,0,مخطط العوشزية,lands_moh_land,1,2021-08-27,no entry,land,0,97645
project_185,19.993763,42.683601,بيشه (بيشه),BISHAH,عسير,'Asir,0,0,0,0,1,0,لا يوجد مدخل,0,0,0,911.497724,0,1,0.0,0,0,626.481789,0,1,0.0,0,0,0,مشروع  لؤلؤة الريان - بيشة,lands_moh_land,1,2021-08-27,no entry,land,0,19428
project_188,20.488854,45.567513,السليل,AS SULAYYIL,الرياض,Riyadh,0,0,0,0,1,0,لا يوجد مدخل,0,0,0,661.0,0,1,0.0,0,0,400.0,0,1,0.0,0,0,0,مشروع  بساتين السليل,lands_moh_land,1,2021-08-27,no entry,land,0,16444
project_196,26.472374,43.643891,عيون الجواء,UYUN AL JAWA',القصيم,Qassim,0,0,0,0,1,0,لا يوجد مدخل,0,0,0,1125.001779,0,1,0.0,0,0,479.998284,0,1,0.0,0,0,0,مشروع درة العيون - عيون الجواء,lands_moh_land,1,2021-08-27,no entry,land,0,518030
project_1029,26.648333,50.004139,القطيف,AL QATIF,المنطقة الشرقية,Eastern Province,0,0,0,0,1,0,رتال,0,0,0,421.0,0,4,1518503.0,0,0,250.0,0,4,1175722.0,0,0,0,نساج تاون صفوى - القطيف,offplan_moh_land,1,2022-08-28,under_construction,villa,0,276227
project_985,22.489212,40.438325,الطائف,AT TAIF,مكة المكرمة,Makkah,0,0,0,0,1,0,لا يوجد مدخل,0,0,0,1224.75043038715,0,1,0.0,0,0,599.877761807168,0,1,0.0,0,0,0,مخطط 1082,lands_moh_land,1,2022-06-30,no entry,land,0,279765
project_198,19.989785,42.697259,بيشه (بيشه),BISHAH,عسير,'Asir,0,0,0,0,1,0,لا يوجد مدخل,0,0,0,993.011933,0,1,0.0,0,0,599.998065,0,1,0.0,0,0,0,مخطط زهور الريان,lands_moh_land,1,2021-08-27,no entry,land,0,47534
project_197,19.998965,42.701115,بيشه (بيشه),BISHAH,عسير,'Asir,1,3,3,0,0,0,لا يوجد مدخل,0,0,0,667.499409379795,0,1,0.0,0,0,408.405732775781,0,1,0.0,0,0,0,مخطط روضة الريان,lands_moh_land,1,2021-08-27,no entry,land,0,32452
project_199,29.591932,43.571798,رفحاء,RAFHA',الحدود الشمالية,Northern Borders,0,0,0,0,0,0,لا يوجد مدخل,0,0,0,666.0,0,1,0.0,0,0,480.0,0,1,0.0,0,0,0,مشروع الضاحية 1 - رفحاء,lands_moh_land,1,2021-08-27,no entry,land,0,196593
project_201,23.881301,42.920256,عفيف,AFIF,الرياض,Riyadh,0,0,0,0,1,0,لا يوجد مدخل,0,0,0,720.0,0,1,0.0,0,0,582.0,0,1,0.0,0,0,0,مشروع واحات عفيف,lands_moh_land,1,2021-08-27,no entry,land,0,35003
project_208,26.751091,44.180284,الأسياح,AL ASYAH,القصيم,Qassim,0,0,0,0,1,0,لا يوجد مدخل,0,0,0,553.0853,0,1,0.0,0,0,500.0,0,1,0.0,0,0,0,مشروع ربوع الأسياح,lands_moh_land,1,2021-08-27,no entry,land,0,10762
project_221,19.980224,42.693603,بيشه (بيشه),BISHAH,عسير,'Asir,1,8,8,0,0,0,لا يوجد مدخل,0,0,0,581.904,0,1,0.0,0,0,440.315,0,1,0.0,0,0,0,بيشة 404,lands_moh_land,1,2021-08-27,no entry,land,0,71841
project_213,30.434211,38.374053,طبرجل,TUBARJAL,الجوف,Jawf,1,2,2,0,0,0,لا يوجد مدخل,0,0,0,591.66,0,1,0.0,0,0,447.93,0,1,0.0,0,0,0,ينبوع طبرجل,lands_moh_land,1,2021-08-27,no entry,land,0,11188
project_215,26.048902,44.989457,الغاط,AL GHAT,الرياض,Riyadh,0,0,0,0,1,0,لا يوجد مدخل,0,0,0,550.0,0,1,0.0,0,0,494.8601,0,1,0.0,0,0,0,مشروع  رمال الغاط,lands_moh_land,1,2021-08-27,no entry,land,0,6160
project_224,29.821317,39.83236,دومة الجندل,DAWMAT AL JANDAL,الجوف,Jawf,0,0,0,0,1,0,لا يوجد مدخل,0,0,0,514.63,0,1,0.0,0,0,480.0,0,1,0.0,0,0,0,مخطط منازل دومة الجندل,lands_moh_land,1,2021-08-27,no entry,land,0,52147
project_226,21.967066,42.039514,الخرمة,AL KHURMAH,مكة المكرمة,Makkah,0,1,0,0,1,0,لا يوجد مدخل,0,0,0,502.000000031,0,1,0.0,0,0,500.999999971,0,1,0.0,0,0,0,مخطط الدغمية,lands_moh_land,1,2021-08-27,no entry,land,0,14863
project_990,28.651999,45.233108,حفر الباطن,HAFAR AL BATIN,المنطقة الشرقية,Eastern Province,1,135,0,0,1,0,لا يوجد مدخل,0,0,0,930.0,0,1,0.0,0,0,500.0,0,1,0.0,0,0,0,مخطط النظيم - 3/ح/د/1407,lands_moh_land,1,2022-06-30,no entry,land,0,4854
project_230,23.574927,45.612205,الرين,AR RAYN,الرياض,Riyadh,1,48,0,0,1,0,لا يوجد مدخل,0,0,0,794.662854,0,1,0.0,0,0,395.323187,0,1,0.0,0,0,0,مشروع  سمر الرين - العفج,lands_moh_land,1,2021-08-27,no entry,land,0,6189
project_222,16.703102,42.070706,فرسان,FARASAN,جازان,Jizan,0,0,0,0,1,0,لا يوجد مدخل,0,0,0,511.25,0,1,0.0,0,0,483.81,0,1,0.0,0,0,0,مشروع لؤلؤ فرسان,lands_moh_land,1,2021-08-27,no entry,land,0,18500
project_239,27.392652,41.716639,حائل,HAIL,حائل,Ha'il,0,0,0,0,0,0,لا يوجد مدخل,0,0,0,1000.0,0,1,168592.8,0,0,400.0,0,1,0.0,0,0,0,مشروع  المدائن - حائل,lands_moh_land,1,2021-08-27,no entry,land,0,1029381
project_235,30.360692,42.257466,العويقلية,AL UWAYQILAH,الحدود الشمالية,Northern Borders,0,0,0,0,1,0,لا يوجد مدخل,0,0,0,483.0,0,1,0.0,0,0,435.999,0,1,0.0,0,0,0,مشروع المصيف - العويقلية,lands_moh_land,1,2021-08-27,no entry,land,0,4352
project_244,24.606304,39.692125,المدينة المنورة,AL MADINAH AL MUNAWWARAH,المدينة المنورة,Madinah,0,0,0,0,1,0,لا يوجد مدخل,0,0,0,550.000000006,0,1,150000.0000006,0,0,499.0,0,1,0.0,0,0,0,مشروع الياسمين - المدينة المنورة,lands_moh_land,1,2021-08-27,no entry,land,0,4505278
project_240,26.109947,43.615067,رياض الخبراء,RIYAD AL KHABRA,القصيم,Qassim,0,0,0,0,1,0,لا يوجد مدخل,0,0,0,513.003698,0,1,0.0,0,0,495.493575,0,1,0.0,0,0,0,مشروع جنان الخبراء - رياض الخبراء,lands_moh_land,1,2021-08-27,no entry,land,0,43504
project_242,24.066848,47.299058,الخرج,AL KHARJ,الرياض,Riyadh,1,13,13,0,0,0,لا يوجد مدخل,0,0,0,622.366,0,1,0.0,0,0,371.137,0,1,0.0,0,0,0,مشروع اسكان الخرج,lands_moh_land,1,2021-08-27,no entry,land,0,524713
project_380,23.409134,46.805936,حوطة بني تميم,HAWTAT BANI TAMIM,الرياض,Riyadh,0,0,0,0,1,0,لا يوجد مدخل,0,0,0,2000.0,0,1,0.0,0,0,525.0,0,1,0.0,0,0,0,مشروع الحلوة - حوطة بني تميم,lands_moh_land,1,2021-08-27,no entry,land,0,11477
project_382,27.864388,42.105281,بقعاء,BAQ'A,حائل,Ha'il,0,0,0,0,1,0,لا يوجد مدخل,0,0,0,1155.0,0,1,0.0,0,0,892.0,0,1,0.0,0,0,0,مشروع كنب الثنيان - حائل,lands_moh_land,1,2021-08-27,no entry,land,0,1383
project_379,21.637815,40.390686,الطائف,AT TAIF,مكة المكرمة,Makkah,0,0,0,0,1,0,لا يوجد مدخل,0,0,0,508.366740955,0,1,0.0,0,0,400.0,0,1,0.0,0,0,0,مشروع  واحة الميقات - الطائف,lands_moh_land,1,2021-08-27,no entry,land,0,2259210
project_993,27.840814,45.982396,حفر الباطن,HAFAR AL BATIN,المنطقة الشرقية,Eastern Province,1,226,0,0,1,0,لا يوجد مدخل,0,0,0,937.0,0,1,0.0,0,0,380.0,0,1,0.0,0,0,0,مخطط أم قليب-54/ح/1410,lands_moh_land,1,2022-06-30,no entry,land,0,1728
project_384,28.036816,42.318835,بقعاء,BAQ'A,حائل,Ha'il,1,59,0,0,1,0,لا يوجد مدخل,0,0,0,500.0,0,1,0.0,0,0,380.0,0,1,0.0,0,0,0,مشروع القليبة - حائل,lands_moh_land,1,2021-08-27,no entry,land,0,4637
project_385,27.714253,42.627986,بقعاء,BAQ'A,حائل,Ha'il,1,16,0,0,1,0,لا يوجد مدخل,0,0,0,1147.0,0,1,0.0,0,0,892.0,0,1,0.0,0,0,0,مشروع الجثياثه - حائل,lands_moh_land,1,2021-08-27,no entry,land,0,3364
project_396,26.872334,40.347383,الشملي,ASH SHAMLI,حائل,Ha'il,0,0,0,0,1,0,لا يوجد مدخل,0,0,0,900.0,0,1,0.0,0,0,400.0,0,1,0.0,0,0,0,مشروع لؤلؤة الشملي - الشملي,lands_moh_land,1,2021-08-27,no entry,land,0,1489
project_392,19.519431,43.599588,تثليث,TATILITH,عسير,'Asir,0,0,0,0,1,0,لا يوجد مدخل,0,0,0,941.704,0,1,0.0,0,0,561.91,0,1,0.0,0,0,0,مشروع تثليث - عسير,lands_moh_land,1,2021-08-27,no entry,land,0,17958
project_391,23.232996,45.552931,الرين,AR RAYN,الرياض,Riyadh,1,205,0,0,1,0,لا يوجد مدخل,0,0,0,895.54,0,1,0.0,0,0,394.89,0,1,0.0,0,0,0,مخطط العمق - الرين,lands_moh_land,1,2021-08-27,no entry,land,0,4027
project_399,26.309725,44.236389,الشماسية,ASH SHIMASIYAH,القصيم,Qassim,0,0,0,0,1,0,لا يوجد مدخل,0,0,0,672.0,0,1,0.0,0,0,435.0,0,1,0.0,0,0,0,مشروع اسكان الشماسية,lands_moh_land,1,2021-08-27,no entry,land,0,1030
project_401,26.307711,44.917194,الزلفي,AZ ZULFI,الرياض,Riyadh,0,0,0,0,1,0,لا يوجد مدخل,0,0,0,525.645,0,1,0.0,0,0,467.443,0,1,0.0,0,0,0,مشروع اسكان الزلفي,lands_moh_land,1,2021-08-27,no entry,land,0,5595
project_405,25.224641,45.862198,ثادق,THADIQ,الرياض,Riyadh,0,0,0,0,1,0,لا يوجد مدخل,0,0,0,500.0,0,1,0.0,0,0,500.0,0,1,0.0,0,0,0,مشروع إسكان ثادق,lands_moh_land,1,2021-08-27,no entry,land,0,3330
project_414,26.492416,43.619825,عيون الجواء,UYUN AL JAWA',القصيم,Qassim,1,1,0,0,0,0,لا يوجد مدخل,0,0,0,550.0,0,1,0.0,0,0,500.0,0,1,0.0,0,0,0,مشروع إسكان عيون الجواء,lands_moh_land,1,2021-08-27,no entry,land,0,84341
project_412,25.248548,45.219565,شقراء,SHAQRA',الرياض,Riyadh,0,0,0,0,1,0,لا يوجد مدخل,0,0,0,509.69,0,1,0.0,0,0,478.61,0,1,0.0,0,0,0,مشروع إسكان شقراء,lands_moh_land,1,2021-08-27,no entry,land,0,29330
project_1025,24.896709,46.645818,الرياض,AR RIYADH,الرياض,Riyadh,1,0,0,0,1,0,شركة تلال العقارية,0,0,0,400.0,0,3,1894504.0,0,0,250.0,0,3,1359105.0,0,0,0,بيوت تلال - الرياض,offplan_moh_land,1,2022-06-23,under_construction,villa,0,176919
project_406,25.871382,49.603958,بقيق,BUQAYQ,المنطقة الشرقية,Eastern Province,0,0,0,0,1,0,لا يوجد مدخل,0,0,0,760.35,0,1,0.0,0,0,499.992,0,1,0.0,0,0,0,مشروع زهرة الدغيمية,lands_moh_land,1,2021-08-27,no entry,land,0,8113
project_425,27.432444,42.476111,الشنان,ASH SHINAN,حائل,Ha'il,1,50,0,0,1,0,لا يوجد مدخل,0,0,0,1155.0,0,1,0.0,0,0,892.0,0,1,0.0,0,0,0,مشروع الأرشاوية - الشنان,lands_moh_land,1,2021-08-27,no entry,land,0,2348
project_421,27.9815,42.001083,بقعاء,BAQ'A,حائل,Ha'il,1,1,0,0,1,0,لا يوجد مدخل,0,0,0,1120.0,0,1,0.0,0,0,892.0,0,1,0.0,0,0,0,مخطط المندسة,lands_moh_land,1,2021-08-27,no entry,land,0,3592
project_423,25.970639,49.551722,بقيق,BUQAYQ,المنطقة الشرقية,Eastern Province,0,0,0,0,1,0,لا يوجد مدخل,0,0,0,900.0,0,1,0.0,0,0,570.5,0,1,0.0,0,0,0,هجرة الثمامة,lands_moh_land,1,2021-08-27,no entry,land,0,20877
project_420,24.500583,45.379444,مرات,MARAT,الرياض,Riyadh,0,0,0,0,1,0,لا يوجد مدخل,0,0,0,630.0,0,1,0.0,0,0,600.0,0,1,0.0,0,0,0,مرات 1180,lands_moh_land,1,2021-08-27,no entry,land,0,8474
project_419,25.113958,45.485914,مرات,MARAT,الرياض,Riyadh,0,0,0,0,1,0,لا يوجد مدخل,0,0,0,599.677,0,1,0.0,0,0,568.048,0,1,0.0,0,0,0,مخطط مرات 1120,lands_moh_land,1,2021-08-27,no entry,land,0,1037
project_422,23.373744,46.849381,حوطة بني تميم,HAWTAT BANI TAMIM,الرياض,Riyadh,1,1,0,0,1,0,لا يوجد مدخل,0,0,0,900.0,0,1,0.0,0,0,550.0,0,1,0.0,0,0,0,مخطط الحلوة,lands_moh_land,1,2021-08-27,no entry,land,0,9989
project_418,27.631617,42.611294,بقعاء,BAQ'A,حائل,Ha'il,1,48,0,0,1,0,لا يوجد مدخل,0,0,0,856.0,0,1,0.0,0,0,753.73,0,1,0.0,0,0,0,الفويلق 2 - بقعاء,lands_moh_land,1,2021-08-27,no entry,land,0,1291
project_427,27.816694,41.440972,ام القلبان,UMM AL QULBAN,حائل,Ha'il,0,0,0,0,1,0,لا يوجد مدخل,0,0,0,851.0,0,1,0.0,0,0,692.14,0,1,0.0,0,0,0,ام قلبان - حائل,lands_moh_land,1,2021-08-27,no entry,land,0,804
project_436,23.633963,46.496143,الحريق (الحريق),AL HARIQ,الرياض,Riyadh,0,0,0,0,1,0,لا يوجد مدخل,0,0,0,750.0,0,1,0.0,0,0,500.0,0,1,0.0,0,0,0,مخطط اراضي 254 - الحريق,lands_moh_land,1,2021-08-27,no entry,land,0,2405
project_1023,24.832014,46.77938,الرياض,AR RIYADH,الرياض,Riyadh,1,6,0,0,1,0,شركة رافد للمقاولات عامة,0,0,0,180.0,0,3,990000.0,0,0,110.0,0,2,645000.0,0,0,0,مشروع رافد 1 - الرياض,offplan_private_land,1,2022-06-19,under_construction,apartment,0,34751
project_463,25.71975,45.855447,المجمعة,AL MAJMA'AH,الرياض,Riyadh,0,0,0,0,1,0,لا يوجد مدخل,0,0,0,1026.03,0,1,0.0,0,0,400.0,0,1,0.0,0,0,0,المجمعة- تمير -721-أ,lands_moh_land,1,2021-08-27,no entry,land,0,1440
project_464,25.723611,45.85975,المجمعة,AL MAJMA'AH,الرياض,Riyadh,0,0,0,0,1,0,لا يوجد مدخل,0,0,0,960.0,0,1,0.0,0,0,600.0,0,1,0.0,0,0,0,المجمعة - تمير - 837,lands_moh_land,1,2021-08-27,no entry,land,0,15438
project_474,27.031241,41.988545,الشنان,ASH SHINAN,حائل,Ha'il,0,0,0,0,1,0,لا يوجد مدخل,0,0,0,1097.5,0,1,0.0,0,0,827.5,0,1,0.0,0,0,0,مشروع السبعان - 496,lands_moh_land,1,2021-08-27,no entry,land,0,1984
project_476,29.74977144,39.90235433,دومة الجندل,DAWMAT AL JANDAL,الجوف,Jawf,0,0,0,0,1,0,لا يوجد مدخل,0,0,0,1200.0,0,1,0.0,0,0,517.5,0,1,0.0,0,0,0,مخطط الملك عبدالعزيز - دومة الجندل,lands_moh_land,1,2021-08-27,no entry,land,0,20893
project_477,22.09656073,41.28615809,المويه القديم,AL MUWAYH AL QADIM,مكة المكرمة,Makkah,0,0,0,0,1,0,لا يوجد مدخل,0,0,0,862.5,0,1,0.0,0,0,375.0,0,1,0.0,0,0,0,مشروع المويه - 4/ق/ط,lands_moh_land,1,2021-08-27,no entry,land,0,19269
project_555,26.296671,41.341699,السليمي,AS SULAYMI,حائل,Ha'il,0,0,0,0,1,0,لا يوجد مدخل,0,0,0,800.0,0,1,0.0,0,0,690.0,0,1,0.0,0,0,0,1532 السليمي - حائل,lands_moh_land,1,2021-08-27,no entry,land,0,590
project_560,27.682017,42.549247,بقعاء,BAQ'A,حائل,Ha'il,0,0,0,0,1,0,لا يوجد مدخل,0,0,0,500.0,0,1,0.0,0,0,492.0,0,1,0.0,0,0,0,الناصرية 410,lands_moh_land,1,2021-08-27,no entry,land,0,338
project_561,26.36510404,44.23082334,الشماسية,ASH SHIMASIYAH,القصيم,Qassim,1,267,0,0,0,0,لا يوجد مدخل,0,0,0,1364.432,0,1,0.0,0,0,483.371,0,1,0.0,0,0,0,مخطط الربيعية,lands_moh_land,1,2021-08-27,no entry,land,0,60153
project_559,28.271389,42.929154,بقعاء,BAQ'A,حائل,Ha'il,0,0,0,0,1,0,لا يوجد مدخل,0,0,0,1242.0,0,1,0.0,0,0,660.0,0,1,0.0,0,0,0,تربة 1403,lands_moh_land,1,2021-08-27,no entry,land,0,1882
project_557,27.262217,42.275323,الشنان,ASH SHINAN,حائل,Ha'il,0,0,0,0,1,0,لا يوجد مدخل,0,0,0,525.0,0,1,0.0,0,0,318.36,0,1,0.0,0,0,0,رك418 - حائل,lands_moh_land,1,2021-08-27,no entry,land,0,277
project_1011,24.89475,46.639778,الرياض,AR RIYADH,الرياض,Riyadh,0,0,0,0,1,0,رتال,0,0,0,425.0,0,4,2120635.0,0,0,250.0,0,4,1291884.0,0,0,0,نساج تاون النرجس - الرياض,offplan_moh_land,1,2022-06-15,under_construction,villa,0,1299581
project_556,30.302611,42.353218,العويقلية,AL UWAYQILAH,الحدود الشمالية,Northern Borders,0,0,0,0,1,0,لا يوجد مدخل,0,0,0,900.0,0,1,0.0,0,0,600.0,0,1,0.0,0,0,0,مخطط العايش 12246 / س,lands_moh_land,1,2021-08-27,no entry,land,0,291
project_554,19.895985,41.59519,بلجرشي,BILJURASHI,الباحة,Bahah,0,0,0,0,1,0,لا يوجد مدخل,0,0,0,611.365573,0,1,0.0,0,0,448.199866,0,1,0.0,0,0,0,340  - العسله,lands_moh_land,1,2021-08-27,no entry,land,0,35218
project_553,22.429233,41.74011,المويه الجديد,AL MUWAYH AL JADID,مكة المكرمة,Makkah,1,1,0,0,1,0,لا يوجد مدخل,0,0,0,740.965,0,1,0.0,0,0,475.796,0,1,0.0,0,0,0,مخطط المويه الجديد - محافظة المويه,lands_moh_land,1,2021-08-27,no entry,land,0,9948
project_565,27.164083,46.996145,قرية (قرية العليا),QARYAT AL 'ULYA,المنطقة الشرقية,Eastern Province,1,810,0,0,1,0,لا يوجد مدخل,0,0,0,954.809,0,1,0.0,0,0,377.823,0,1,0.0,0,0,0,مخطط الفريدة - قرية العليا,lands_moh_land,1,2021-08-27,no entry,land,0,6168
project_569,27.780771,41.631575,حائل,HAIL,حائل,Ha'il,0,0,0,0,1,0,لا يوجد مدخل,0,0,0,1897.27,0,1,0.0,0,0,636.73,0,1,0.0,0,0,0,المزيريرات - حائل,lands_moh_land,1,2021-08-27,no entry,land,0,5315
project_570,24.521556,43.900979,الدوادمي,AD DUWADIMI,الرياض,Riyadh,1,2,0,0,1,0,لا يوجد مدخل,0,0,0,894.82,0,1,0.0,0,0,381.864,0,1,0.0,0,0,0,الرفيعة - الدوادمي,lands_moh_land,1,2021-08-27,no entry,land,0,5565
project_567,28.614934,44.053607,رفحاء,RAFHA',الحدود الشمالية,Northern Borders,1,91,0,0,1,0,لا يوجد مدخل,0,0,0,974.0,0,1,0.0,0,0,663.91,0,1,0.0,0,0,0,هجرة رغوة,lands_moh_land,1,2021-08-27,no entry,land,0,1829
project_562,23.924718,42.760833,عفيف,AFIF,الرياض,Riyadh,1,184,0,0,1,0,لا يوجد مدخل,0,0,0,1315.078,0,1,0.0,0,0,559.049,0,1,0.0,0,0,0,مخطط الخالدية - عفيف,lands_moh_land,1,2021-08-27,no entry,land,0,3698
project_577,25.974805,49.476792,بقيق,BUQAYQ,المنطقة الشرقية,Eastern Province,0,0,0,0,1,0,لا يوجد مدخل,0,0,0,995.18,0,1,0.0,0,0,582.0,0,1,0.0,0,0,0,يكـرب - الشرقية,lands_moh_land,1,2021-08-27,no entry,land,0,106012
project_578,17.444587,42.526852,بيش,BAYSH,جازان,Jizan,0,0,0,0,1,0,لا يوجد مدخل,0,0,0,1880.56,0,1,0.0,0,0,450.0,0,1,0.0,0,0,0,بيش 94,lands_moh_land,1,2021-08-27,no entry,land,0,1796447
project_1018,24.777695,46.584277,الرياض,AR RIYADH,الرياض,Riyadh,1,24,0,0,1,0,شركة ازدهار للتطوير العقاري,0,0,0,208.18,0,3,1899000.0,0,0,102.16,0,1,899000.0,0,0,0,جاردن ريزيدنس - الرياض,offplan_private_land,1,2022-06-08,under_construction,apartment,0,44886
project_584,22.620727,40.603987,حاذة,HADHAH,المدينة المنورة,Madinah,1,367,0,0,1,0,لا يوجد مدخل,0,0,0,750.0,0,1,0.0,0,0,415.025,0,1,0.0,0,0,0,مركز حاذه - المدينة المنورة,lands_moh_land,1,2021-08-27,no entry,land,0,29916
project_589,25.523687,45.259725,شقراء,SHAQRA',الرياض,Riyadh,1,146,0,0,1,0,لا يوجد مدخل,0,0,0,858.264333,0,1,0.0,0,0,533.782549,0,1,0.0,0,0,0,مخطط شقراء 151,lands_moh_land,1,2021-08-27,no entry,land,0,19405
project_585,29.302374,44.032425,رفحاء,RAFHA',الحدود الشمالية,Northern Borders,1,336,0,0,1,0,لا يوجد مدخل,0,0,0,529.376,0,1,0.0,0,0,359.09,0,1,0.0,0,0,0,ام غار الخشيبي,lands_moh_land,1,2021-08-27,no entry,land,0,1254
project_592,26.88063,42.088879,الشنان,ASH SHINAN,حائل,Ha'il,0,0,0,0,1,0,لا يوجد مدخل,0,0,0,1044.0,0,1,0.0,0,0,850.18,0,1,0.0,0,0,0,مخطط المضيح - الشنان,lands_moh_land,1,2021-08-27,no entry,land,0,499
project_590,26.520287,47.337779,قرية (قرية العليا),QARYAT AL 'ULYA,المنطقة الشرقية,Eastern Province,1,314,0,0,1,0,لا يوجد مدخل,0,0,0,780.0,0,1,0.0,0,0,660.0,0,1,0.0,0,0,0,المخطط رقم ١٠/٧١ بمركز أم عقلاء بمحافظة قرية العليا,lands_moh_land,1,2021-08-27,no entry,land,0,2199
project_591,29.540999,42.097337,العويقلية,AL UWAYQILAH,الحدود الشمالية,Northern Borders,1,27,0,0,1,0,لا يوجد مدخل,0,0,0,1000.0,0,1,0.0,0,0,625.0,0,1,0.0,0,0,0,مخطط نعيجان - العويقلية,lands_moh_land,1,2021-08-27,no entry,land,0,2384
project_594,17.247788,42.443566,صبيا,SABYA,جازان,Jizan,0,0,0,0,1,0,لا يوجد مدخل,0,0,0,550.0001,0,1,0.0,0,0,450.0,0,1,0.0,0,0,0,مشروع الرفاه - صبيا,lands_moh_land,1,2021-08-27,no entry,land,0,25901
project_593,21.98806646,45.93273088,الروضة (الأفلاج),AR RAWDAH,الرياض,Riyadh,1,15,0,0,1,0,لا يوجد مدخل,0,0,0,1260.0,0,1,0.0,0,0,520.0,0,1,0.0,0,0,0,مخطط الأفلاج 705,lands_moh_land,1,2021-08-27,no entry,land,0,3493
project_605,25.291524,45.795837,ثادق,THADIQ,الرياض,Riyadh,0,0,0,0,1,0,لا يوجد مدخل,0,0,0,1035.005328148,0,1,0.0,0,0,600.00045192,0,1,0.0,0,0,0,مخطط ثادق 302/أ,lands_moh_land,1,2021-08-27,no entry,land,0,7989
project_603,25.65639656,46.36784813,ثادق,THADIQ,الرياض,Riyadh,0,0,0,0,1,0,لا يوجد مدخل,0,0,0,1260.0,0,1,0.0,0,0,524.548,0,1,0.0,0,0,0,مخطط ثادق 362,lands_moh_land,1,2021-08-27,no entry,land,0,8773
project_1016,21.559926,39.248832,جدة,JEDDAH,مكة المكرمة,Makkah,1,7,0,0,1,0,شركة المنازل الذكية المحدودة,0,0,0,269.0,0,3,1050000.0,0,0,223.0,0,3,910000.0,0,0,0,تاون هاوس - جدة,offplan_private_land,1,2022-06-06,under_construction,apartment,0,14440
project_606,19.37539954,42.79388097,بيشه (بيشه),BISHAH,عسير,'Asir,0,0,0,0,1,0,لا يوجد مدخل,0,0,0,637.5,0,1,0.0,0,0,576.29,0,1,0.0,0,0,0,مخطط غرب سوق صمخ,lands_moh_land,1,2021-08-27,no entry,land,0,1194
project_607,19.35365203,42.79610617,بيشه (بيشه),BISHAH,عسير,'Asir,0,0,0,0,1,0,لا يوجد مدخل,0,0,0,695.49,0,1,0.0,0,0,556.05,0,1,0.0,0,0,0,مخطط كتنه - بيشة,lands_moh_land,1,2021-08-27,no entry,land,0,1434
project_604,25.18074391,45.80120514,ثادق,THADIQ,الرياض,Riyadh,0,0,0,0,1,0,لا يوجد مدخل,0,0,0,679.58,0,1,0.0,0,0,600.7827,0,1,0.0,0,0,0,مخطط ثادق 370,lands_moh_land,1,2021-08-27,no entry,land,0,8985
project_612,20.45516951,45.60874802,السليل,AS SULAYYIL,الرياض,Riyadh,0,0,0,0,1,0,لا يوجد مدخل,0,0,0,590.537294,0,1,0.0,0,0,490.993311,0,1,0.0,0,0,0,مشروع شروق السليل,lands_moh_land,1,2021-08-27,no entry,land,0,6904
project_608,23.657414,42.58092,عفيف,AFIF,الرياض,Riyadh,1,102,0,0,1,0,لا يوجد مدخل,0,0,0,890.4308,0,1,0.0,0,0,347.234,0,1,0.0,0,0,0,مخطط الانسيات - عفيف,lands_moh_land,1,2021-08-27,no entry,land,0,1147
project_614,27.940933,46.907464,قرية (قرية العليا),QARYAT AL 'ULYA,المنطقة الشرقية,Eastern Province,1,645,645,0,1,0,لا يوجد مدخل,0,0,0,628.34,0,1,0.0,0,0,351.871,0,1,0.0,0,0,0,مخطط ام كداد – حفر الباطن,lands_moh_land,1,2021-08-27,no entry,land,0,2130
project_609,24.07845043,45.34781229,القويعية,QUWAY'IYAH,الرياض,Riyadh,0,0,0,0,1,0,لا يوجد مدخل,0,0,0,1724.38,0,1,0.0,0,0,600.0,0,1,0.0,0,0,0,مخطط 1051 - القويعية,lands_moh_land,1,2021-08-27,no entry,land,0,44487
project_611,23.7656367,44.76488154,القويعية,QUWAY'IYAH,الرياض,Riyadh,0,0,0,0,1,0,لا يوجد مدخل,0,0,0,947.057,0,1,0.0,0,0,500.976,0,1,0.0,0,0,0,مخطط 217 - القويعية,lands_moh_land,1,2021-08-27,no entry,land,0,2833
project_615,18.69408679,42.8809609,خميس مشيط,KHAMIS MUSHAYT,عسير,'Asir,0,0,0,0,1,0,لا يوجد مدخل,0,0,0,937.58,0,1,0.0,0,0,567.73,0,1,0.0,0,0,0,مخطط رغوة الجنوب – خميس مشيط,lands_moh_land,1,2021-08-27,no entry,land,0,16115
project_613,23.86721241,42.70005091,عفيف,AFIF,الرياض,Riyadh,1,438,0,0,1,0,لا يوجد مدخل,0,0,0,2000.0,0,1,0.0,0,0,302.27,0,1,0.0,0,0,0,مخطط عفيف 843,lands_moh_land,1,2021-08-27,no entry,land,0,1872
project_996,24.4815503,46.7070349,الرياض,AR RIYADH,الرياض,Riyadh,1,237,0,0,1,0,الشركة الوطنية للإسكان البناء المطور,0,0,0,558.0,0,1,474271.0,0,0,336.91,0,1,149960.0,0,0,0,الأصالة - الرياض,advanced_self_construction,1,2022-05-11,under_construction,villa,0,155503
project_616,25.544976,45.699969,المجمعة,AL MAJMA'AH,الرياض,Riyadh,0,0,0,0,1,0,لا يوجد مدخل,0,0,0,887.4887,0,1,0.0,0,0,387.4951,0,1,0.0,0,0,0,مخطط 411 - المجمعة,lands_moh_land,1,2021-08-27,no entry,land,0,6383
project_618,27.976281,47.023275,حفر الباطن,HAFAR AL BATIN,المنطقة الشرقية,Eastern Province,1,455,0,0,1,0,لا يوجد مدخل,0,0,0,699.689756613,0,1,0.0,0,0,331.85133244,0,1,0.0,0,0,0,معرج السوبان 21/18,lands_moh_land,1,2021-08-27,no entry,land,0,3403
project_622,23.67456667,43.13175386,عفيف,AFIF,الرياض,Riyadh,1,23,0,0,1,0,لا يوجد مدخل,0,0,0,1006.571,0,1,0.0,0,0,535.942,0,1,0.0,0,0,0,مخطط المردمة 583 - عفيف,lands_moh_land,1,2021-08-27,no entry,land,0,1257
project_621,23.8352519,43.22310197,عفيف,AFIF,الرياض,Riyadh,1,28,28,0,1,0,لا يوجد مدخل,0,0,0,1114.253,0,1,0.0,0,0,813.765,0,1,0.0,0,0,0,مخطط الهرانية 579 - عفيف,lands_moh_land,1,2021-08-27,no entry,land,0,1005
project_624,17.48562647,42.71490881,بيش,BAYSH,جازان,Jizan,0,0,0,0,1,0,لا يوجد مدخل,0,0,0,550.0,0,1,0.0,0,0,450.0,0,1,0.0,0,0,0,مشروع الورود - بيش,lands_moh_land,1,2021-08-27,no entry,land,0,14478
project_619,23.83452746,42.83324324,عفيف,AFIF,الرياض,Riyadh,1,226,0,0,1,0,لا يوجد مدخل,0,0,0,1401.781,0,1,0.0,0,0,447.954,0,1,0.0,0,0,0,مخطط 811 - عفيف,lands_moh_land,1,2021-08-27,no entry,land,0,1569
project_617,24.348845,43.274888,عفيف,AFIF,الرياض,Riyadh,1,3,0,0,1,0,لا يوجد مدخل,0,0,0,844.675,0,1,0.0,0,0,328.062,0,1,0.0,0,0,0,مخطط عفيف - 306,lands_moh_land,1,2021-08-27,no entry,land,0,1591
project_637,27.10367402,48.53378303,النعيرية,AN NU'AYRIYAH,المنطقة الشرقية,Eastern Province,1,79,0,0,1,0,لا يوجد مدخل,0,0,0,620.51,0,1,0.0,0,0,408.12,0,1,0.0,0,0,0,مخطط الحسي 65/10 - النعيرية,lands_moh_land,1,2021-08-27,no entry,land,0,7583
project_636,26.81673412,48.34051335,النعيرية,AN NU'AYRIYAH,المنطقة الشرقية,Eastern Province,0,0,0,0,1,0,لا يوجد مدخل,0,0,0,631.847,0,1,0.0,0,0,628.66,0,1,0.0,0,0,0,مخطط 90/10 - النعيرية,lands_moh_land,1,2021-08-27,no entry,land,0,22692
project_635,29.82565184,38.93718635,طبرجل,TUBARJAL,الجوف,Jawf,0,0,0,0,1,0,لا يوجد مدخل,0,0,0,826.32,0,1,0.0,0,0,388.71,0,1,0.0,0,0,0,مخطط ميقوع - دومة الجندل,lands_moh_land,1,2021-08-27,no entry,land,0,10475
project_1012,24.9181,46.648268,الرياض,AR RIYADH,الرياض,Riyadh,0,0,0,0,1,0,دار واعمار للاستثمار والتطوير العقاري,0,0,0,409.53,0,5,1617629.0,0,0,257.5,0,5,1341086.0,0,0,0,سرايا الجوان ٢ - الرياض,offplan_private_land,1,2022-04-25,under_construction,townhouse,0,514876
project_638,25.433301,45.401977,شقراء,SHAQRA',الرياض,Riyadh,1,1,0,0,1,0,لا يوجد مدخل,0,0,0,712.498,0,1,0.0,0,0,599.998,0,1,0.0,0,0,0,مخطط القصب 30 - شقراء,lands_moh_land,1,2021-08-27,no entry,land,0,4576
project_640,25.17693041,45.81364605,ثادق,THADIQ,الرياض,Riyadh,0,0,0,0,1,0,لا يوجد مدخل,0,0,0,839.335,0,1,0.0,0,0,600.0,0,1,0.0,0,0,0,مخطط 286 - ثادق,lands_moh_land,1,2021-08-27,no entry,land,0,7256
project_639,25.2139785,45.86838014,ثادق,THADIQ,الرياض,Riyadh,0,0,0,0,1,0,لا يوجد مدخل,0,0,0,684.8016,0,1,0.0,0,0,577.16,0,1,0.0,0,0,0,مخطط 366 - ثادق,lands_moh_land,1,2021-08-27,no entry,land,0,181243
project_654,27.602306,46.316667,حفر الباطن,HAFAR AL BATIN,المنطقة الشرقية,Eastern Province,1,2,0,0,1,0,لا يوجد مدخل,0,0,0,816.998095619927,0,1,0.0,0,0,391.997921907133,0,1,0.0,0,0,0,مخطط ش-ر-51/ح -هجرة مناخ - حفر الباطن,lands_moh_land,1,2021-08-27,no entry,land,0,3947
project_663,25.29193927,44.15297339,الدوادمي,AD DUWADIMI,الرياض,Riyadh,1,23,0,0,1,0,لا يوجد مدخل,0,0,0,625.0,0,1,0.0,0,0,389.875,0,1,0.0,0,0,0,مخطط 32 - الراجحية - الدوادمي,lands_moh_land,1,2021-08-27,no entry,land,0,4573
project_655,25.729363,45.867403,تمير,TUMAIR,الرياض,Riyadh,0,0,0,0,1,0,لا يوجد مدخل,0,0,0,863.1355,0,1,0.0,0,0,570.0,0,1,0.0,0,0,0,مخطط 909 - المجمعة -  تمير,lands_moh_land,1,2021-08-27,no entry,land,0,1368
project_664,23.90018096,42.85395943,عفيف,AFIF,الرياض,Riyadh,1,62,0,0,1,0,لا يوجد مدخل,0,0,0,896.743,0,1,0.0,0,0,380.356,0,1,0.0,0,0,0,مخطط 293 - الفيضة - عفيف,lands_moh_land,1,2021-08-27,no entry,land,0,3322
project_705,21.777722,39.182278,جدة,JEDDAH,مكة المكرمة,Makkah,1,32,0,0,1,0,الشركة الوطنية للإسكان,0,0,0,385.0,0,5,2171501.0,0,0,200.0,0,3,796000.0,0,0,0,ميلاء - جدة,offplan_moh_land,1,2021-08-23,under_construction,townhouse,0,352916
project_693,22.4453697,39.0975643901,مدينة الملك عبدالله الاقتصادية,King Abdullah Economic City,مكة المكرمة,Makkah,1,12,12,0,0,0,شركة اعمار المدينة الاقتصادية,0,0,0,1448.29,0,6,3444323.04,0,0,580.25,0,3,1709587.89,0,0,0,مدينة الملك عبدالله الاقتصادية - الرويال غرينز,readymade_private_land,1,2021-08-09,construction_completed,villa,0,6244
project_703,24.544056,46.517944,الرياض,AR RIYADH,الرياض,Riyadh,0,0,0,0,1,0,شركة السليمان العقارية,0,0,0,305.5,0,3,650000.0,0,0,187.9,0,3,575000.0,0,0,0,سكينة ريزيدنس 3 - الرياض,offplan_private_land,1,2021-08-09,under_construction,apartment,0,14299
project_1030,26.644917,49.997472,القطيف,AL QATIF,المنطقة الشرقية,Eastern Province,0,0,0,0,1,0,دار واعمار للاستثمار والتطوير العقاري,0,0,0,420.59,0,5,1623164.0,0,0,257.5,0,5,1272078.0,0,0,0,سرايا البحر - القطيف,offplan_moh_land,1,2022-08-28,under_construction,villa,0,105671
project_1013,24.92793,46.636224,الرياض,AR RIYADH,الرياض,Riyadh,0,0,0,0,1,0,عبدالرحمن الراشد وأولاده,0,0,0,395.0,0,5,1977216.0,0,0,200.0,0,4,969595.0,0,0,0,النرجس ڤيو ٢ - الرياض,offplan_private_land,1,2022-04-13,under_construction,townhouse,0,707596
project_684,24.8487499,46.7634185,الرياض,AR RIYADH,الرياض,Riyadh,1,5,0,0,1,0,شركة الضاحية المثالية للتطوير والاستثمار العقاري,0,0,0,509.181,0,4,4503073.33333333,0,0,159.8,0,3,1516190.48,0,0,0,النايفة - الرياض,offplan_private_land,1,2021-06-28,under_construction,villa,0,78598
project_683,21.6227049,39.1559758211,جدة,JEDDAH,مكة المكرمة,Makkah,1,4,0,0,1,0,شركة انشاء للتطوير والاستثمار العقاري,0,0,0,294.18,0,4,1542061.4,0,0,81.69,0,1,401500.0,0,0,0,جنان 1 - جدة,offplan_private_land,1,2021-06-28,under_construction,apartment,0,20112
project_685,24.5451506,46.522476222,الرياض,AR RIYADH,الرياض,Riyadh,0,0,0,0,1,0,شركة السليمان العقارية,0,0,0,345.5,0,3,650000.0,0,0,187.9,0,3,575000.0,0,0,0,سكينة ريزيدنس 1 - الرياض,offplan_private_land,1,2021-06-28,under_construction,apartment,0,13471
project_678,26.607869,37.94592,العلا,AL ULA,المدينة المنورة,Madinah,1,2,2,0,0,0,لا يوجد مدخل,0,0,0,742.78,0,1,0.0,0,0,576.95,0,1,0.0,0,0,0,مخطط المحاش الشمالي /711 - المدينة المنورة,lands_moh_land,1,2021-04-29,no entry,land,0,30660
project_679,26.552941,37.951095,العلا,AL ULA,المدينة المنورة,Madinah,1,1,1,0,0,0,لا يوجد مدخل,0,0,0,800.0,0,1,0.0,0,0,797.05,0,1,0.0,0,0,0,ت/1415 الميدان/704 - المدينة المنورة,lands_moh_land,1,2021-04-29,no entry,land,0,26139
project_680,23.961213,42.51308,عفيف,AFIF,الرياض,Riyadh,1,12,0,0,1,0,لا يوجد مدخل,0,0,0,896.578,0,1,0.0,0,0,380.343,0,1,0.0,0,0,0,مخطط 987/أ صوية - الرياض,lands_moh_land,1,2021-04-29,no entry,land,0,13434
project_677,26.558145,37.958954,العلا,AL ULA,المدينة المنورة,Madinah,1,2,2,0,0,0,لا يوجد مدخل,0,0,0,868.0804,0,1,234381.708,0,0,500.1,0,1,0.0,0,0,0,و/930 - المدينة المنورة,lands_moh_land,1,2021-04-29,no entry,land,0,153478
project_676,26.550414,37.954965,العلا,AL ULA,المدينة المنورة,Madinah,1,2,2,0,0,0,لا يوجد مدخل,0,0,0,1014.13,0,1,0.0,0,0,427.91,0,1,0.0,0,0,0,و/834 - المدينة المنورة,lands_moh_land,1,2021-04-29,no entry,land,0,45410
project_675,26.138806,50.15725,الخبر,AL KHUBAR,المنطقة الشرقية,Eastern Province,0,0,0,0,1,0,شركة أسوار المتحدة للتطوير العقاري,0,0,0,489.62,0,4,1277000.0,0,0,246.38,0,4,998000.0,0,0,0,أسوار السكني - الخبر,offplan_private_land,1,2021-03-31,under_construction,villa,0,27364
project_596,26.231444,50.204222,الخبر,AL KHUBAR,المنطقة الشرقية,Eastern Province,0,0,0,0,1,0,الشركة الخليجية للتعمير العقاري,0,0,0,163.0,0,3,720000.0,0,0,153.0,0,3,540000.0,0,0,0,أنار السكني - الخبر,offplan_private_land,1,2021-02-22,under_construction,apartment,0,3980
project_1009,16.950425,42.564683,جيزان,JIZAN,جازان,Jizan,0,0,0,0,1,0,شركه أفضل مسكن العقاريه,0,0,0,178.14,0,5,780000.0,0,0,144.66,0,4,734000.0,0,0,0,جوهرة جيزان - جازان,offplan_private_land,1,2022-04-12,under_construction,apartment,0,15386
project_229,26.501431,44.018996,بريدة,BURAYDAH,القصيم,Qassim,0,0,0,0,1,0,لا يوجد مدخل,0,0,0,1236.2,0,1,0.0,0,0,384.7,0,1,0.0,0,0,0,حاضرة بريدة - بريدة,lands_moh_land,1,2021-02-21,no entry,land,0,3531869
project_2,24.95975,46.622639,الرياض,AR RIYADH,الرياض,Riyadh,0,0,0,0,1,0,التحالف العقارية,0,0,0,569.9677734375,0,4,1272251.0,0,0,194.867362122,0,4,557700.0,0,0,0,إشراق ليفينج - الرياض,offplan_moh_land,1,2021-01-25,under_construction,townhouse,0,25289
project_4,24.964991,46.61997,الرياض,AR RIYADH,الرياض,Riyadh,0,0,0,0,0,0,الديار العربية للتطوير العقاري,0,0,0,478.58,0,6,1165640.0,0,0,200.0,0,4,498000.0,0,0,0,شمس الديار - الرياض - الديار العربية,offplan_moh_land,1,2021-01-25,under_construction,townhouse,0,11549
project_16,18.35765,42.753309,خميس مشيط,KHAMIS MUSHAYT,عسير,'Asir,1,286,0,0,1,0,عبدالرحمن الراشد وأولاده,0,0,0,574.8239,0,5,822443.0,0,0,187.499,0,4,530284.0,0,0,0,واحة الخميس - خميس مشيط,offplan_moh_land,1,2021-01-25,under_construction,townhouse,0,40185
project_14,25.32048,49.596771,الهفوف,AL HUFUF,المنطقة الشرقية,Eastern Province,1,116,0,0,1,0,أبراج ذهب للتطوير العقاري,0,0,0,350.3699,0,4,774239.0,0,0,164.9,0,3,495000.0,0,0,0,ديار الحساء - الاحساء,offplan_moh_land,1,2021-01-25,under_construction,townhouse,0,68589
project_22,24.965917,46.615694,الرياض,AR RIYADH,الرياض,Riyadh,0,0,0,0,1,0,مجموعة سلمان بن سعيدان للعقارات,0,0,0,185.5,0,3,410753.0,0,0,185.5,0,3,410753.0,0,0,0,إسكان الرياض - الرياض,offplan_moh_land,1,2021-01-25,under_construction,apartment,0,8921
project_17,28.455361,36.51625,تبوك,TABUK,تبوك,Tabuk,1,46,0,0,0,0,شمائل الخليج للمقاولات,0,0,0,404.6,0,5,1036940.0,0,0,207.0,0,4,507102.0,0,0,0,بساتين تبوك - تبوك,offplan_moh_land,1,2021-01-25,under_construction,townhouse,0,42656
project_36,21.410327,39.280998,جدة,JEDDAH,مكة المكرمة,Makkah,1,275,0,0,1,0,شركة جدارة العقارية,0,0,0,264.48,0,4,714096.0,0,0,127.58,0,2,220000.0,0,0,0,أعالي جدة - جدة,offplan_moh_land,1,2021-01-25,under_construction,apartment,0,176493
project_40,24.427833,39.645417,المدينة المنورة,AL MADINAH AL MUNAWWARAH,المدينة المنورة,Madinah,1,56,0,0,1,0,منازل العصرية للتطوير والاستثمار العقاري,0,0,0,264.0,0,4,651072.0,0,0,125.0,0,2,277500.0,0,0,0,درة المدينة 1 - المدينة المنورة,offplan_moh_land,1,2021-01-25,under_construction,apartment,0,11157
project_35,21.429778,39.285028,جدة,JEDDAH,مكة المكرمة,Makkah,1,875,0,0,1,0,ساني العامرية,0,0,0,250.0,0,4,702958.0,0,0,125.0,0,2,262500.0,0,0,0,تلال الغروب - جدة,offplan_moh_land,1,2021-01-25,under_construction,apartment,0,32520
project_1007,28.455694,36.523139,تبوك,TABUK,تبوك,Tabuk,1,19,0,0,1,0,الشركة الوطنية للإسكان,0,0,0,540.0,0,4,797625.0,0,0,220.0,0,4,569604.0,0,0,0,تبوك ڤالي - تبوك,offplan_moh_land,1,2022-04-04,under_construction,villa,0,310767
project_39,21.4154609,39.2806919,جدة,JEDDAH,مكة المكرمة,Makkah,0,0,0,0,1,0,مكيون مطورون عمرانيون,0,0,0,263.99,0,4,615097.0,0,0,126.3,0,2,294279.0,0,0,0,ربى جدة - جدة,offplan_moh_land,1,2021-01-25,under_construction,apartment,0,5686
project_50,26.350112,49.97725,الدمام,AD DAMMAM,المنطقة الشرقية,Eastern Province,0,0,0,0,1,0,مدى الشرقية للتطوير,0,0,0,172.15,0,3,378730.0,0,0,130.0,0,2,286000.0,0,0,0,واحة مدى -  الدمام,offplan_moh_land,1,2021-01-25,under_construction,apartment,0,4075
project_42,24.113363,38.013819,المدينة المنورة,AL MADINAH AL MUNAWWARAH,المدينة المنورة,Madinah,1,146,0,0,1,0,عبر المملكة العقارية,0,0,0,272.4,0,5,849888.0,0,0,136.2,0,2,326880.0,0,0,0,جوار - المدينة المنورة,offplan_moh_land,1,2021-01-25,under_construction,apartment,0,6199
project_56,26.355385,49.980021,الدمام,AD DAMMAM,المنطقة الشرقية,Eastern Province,1,388,0,0,1,0,شركة جدارة العقارية,0,0,0,567.5,0,5,1207656.795,0,0,230.0,0,4,619380.0,0,0,0,واحة الدمام -  الدمام,offplan_moh_land,1,2021-01-25,under_construction,villa,0,95212
project_59,26.345556,49.988667,الدمام,AD DAMMAM,المنطقة الشرقية,Eastern Province,0,0,0,0,1,0,رتال,0,0,0,407.593627984529,0,4,757264.0,0,0,187.432916585808,0,4,530618.0,0,0,0,نساج تاون - الدمام,offplan_moh_land,1,2021-01-25,under_construction,townhouse,0,13388
project_54,26.3385,49.98576,الدمام,AD DAMMAM,المنطقة الشرقية,Eastern Province,0,0,0,0,1,0,مايا للتطوير والاستثمار العقاري,0,0,0,250.65,0,4,558511.0,0,0,124.9,0,2,235700.0,0,0,0,الفريدة -  الدمام,offplan_moh_land,1,2021-01-25,under_construction,apartment,0,9080
project_57,26.357417,49.971639,الدمام,AD DAMMAM,المنطقة الشرقية,Eastern Province,0,0,0,0,1,0,ثبات المسكن العقارية,0,0,0,435.35,0,4,749886.0,0,0,180.0,0,3,526971.0,0,0,0,الدمام الشمالي (مدّ) -  الدمام,offplan_moh_land,1,2021-01-25,under_construction,townhouse,0,4150
project_58,26.345556,49.988667,الدمام,AD DAMMAM,المنطقة الشرقية,Eastern Province,1,178,0,0,1,0,ساني العامرية,0,0,0,489.24,0,5,1230741.0,0,0,187.48,0,4,594038.0,0,0,0,تلال الغروب - الدمام,offplan_moh_land,1,2021-01-25,under_construction,townhouse,0,37538
project_68,18.360123,42.73824,خميس مشيط,KHAMIS MUSHAYT,عسير,'Asir,1,126,0,0,1,0,بن جارالله,0,0,0,243.0,0,4,510300.0,0,0,170.0,0,3,339150.0,0,0,0,تلال الخميس - خميس مشيط,offplan_moh_land,1,2021-01-25,under_construction,apartment,0,8981
project_61,26.523463,49.977315,القطيف,AL QATIF,المنطقة الشرقية,Eastern Province,0,0,0,0,1,0,التميمي للخدمات والصيانة العالمية,0,0,0,485.81,0,5,820681.0,0,0,178.41,0,3,535626.0,0,0,0,منازل القطيف - القطيف,offplan_moh_land,1,2021-01-25,under_construction,townhouse,0,12749
project_1010,21.46508,39.324515,جدة,JEDDAH,مكة المكرمة,Makkah,0,0,0,0,1,0,شركة المسكن الوافي للتطوير العقاري,0,0,0,185.88,0,6,630000.0,0,0,84.0,0,2,600000.0,0,0,0,العالية ١ - جدة,offplan_private_land,1,2022-03-30,under_construction,apartment,0,34856
project_77,28.455361,36.51625,تبوك,TABUK,تبوك,Tabuk,1,4,0,0,1,0,منازل العصرية للتطوير والاستثمار العقاري,0,0,0,226.7,0,4,539500.0,0,0,125.0,0,2,247000.0,0,0,0,درة تبوك - تبوك,offplan_moh_land,1,2021-01-25,under_construction,apartment,0,11980
project_71,17.0554153,42.5950265,جيزان,JIZAN,جازان,Jizan,1,90,0,0,1,0,صرح التقنية,0,0,0,541.04,0,5,844876.0,0,0,292.65,0,4,537768.0,0,0,0,ضاحية الملك عبدالله - جازان,offplan_moh_land,1,2021-01-25,under_construction,villa,0,69191
project_97,24.432779,39.646102,المدينة المنورة,AL MADINAH AL MUNAWWARAH,المدينة المنورة,Madinah,1,39,0,0,1,0,منازل العصرية للتطوير والاستثمار العقاري,0,0,0,285.0,0,4,789279.0,0,0,125.9,0,2,300901.0,0,0,0,درة المدينة 2 - المدينة المنورة,offplan_moh_land,1,2021-01-25,under_construction,apartment,0,9100
project_105,24.969972,46.625056,الرياض,AR RIYADH,الرياض,Riyadh,0,0,0,0,1,0,عبدالرحمن الراشد وأولاده,0,0,0,452.72,0,5,817433.0,0,0,199.9987,0,4,587898.0,0,0,0,ديار السعد - الرياض,offplan_moh_land,1,2021-01-25,under_construction,townhouse,0,6326
project_107,21.383972,39.784889,مكة المكرمة,MAKKAH AL MUKARRAMAH,مكة المكرمة,Makkah,1,1,0,0,1,0,لدن للإستثمار,0,0,0,214.7,0,4,614894.0,0,0,132.75,0,2,220000.0,0,0,0,جوهرة الرصيفة -  مكة المكرمة,offplan_moh_land,1,2021-01-25,under_construction,apartment,0,9398
project_98,24.113363,38.013819,ينبع,YANBU,المدينة المنورة,Madinah,0,0,0,0,1,0,الديار العربية للتطوير العقاري,0,0,0,250.0,0,6,832773.0,0,0,200.0,0,2,478000.0,0,0,0,لؤلؤة الديار - ينبع,offplan_moh_land,1,2021-01-25,under_construction,townhouse,0,29106
project_115,26.325361,50.003,الدمام,AD DAMMAM,المنطقة الشرقية,Eastern Province,0,0,0,0,1,0,سدين العربية للعقارات,0,0,0,380.84,0,4,859432.0,0,0,180.35,0,4,526403.0,0,0,0,سدين - الدمام,offplan_moh_land,1,2021-01-25,under_construction,townhouse,0,12096
project_119,21.754611,39.166889,جدة,JEDDAH,مكة المكرمة,Makkah,1,35,0,0,1,0,لدن للإستثمار,0,0,0,245.39,0,4,902330.0,0,0,125.14,0,2,303965.0,0,0,0,فينان - جدة,offplan_moh_land,1,2021-01-25,under_construction,apartment,0,53441
project_121,21.751824,39.17631,جدة,JEDDAH,مكة المكرمة,Makkah,0,0,0,0,1,0,الديار العربية للتطوير العقاري,0,0,0,395.85,0,4,1233655.0,0,0,131.87,0,2,311880.0,0,0,0,بوفارديا سيتي - جدة,offplan_moh_land,1,2021-01-25,under_construction,apartment,0,16910
project_120,21.75539,39.179246,جدة,JEDDAH,مكة المكرمة,Makkah,0,0,0,0,1,0,حمد وأحمد محمد المزيني العقارية,0,0,0,232.15,0,4,656285.0,0,0,194.05,0,4,476763.0,0,0,0,الجوهرة ريزيدينس - جدة,offplan_moh_land,1,2021-01-25,under_construction,apartment,0,13266
project_704,24.941972,46.629361,الرياض,AR RIYADH,الرياض,Riyadh,0,0,0,0,1,0,الشركة الوطنية للإسكان,0,0,0,502.343,0,5,2847765.0,0,0,199.999658,0,3,825120.0,0,0,0,رواء - الرياض,offplan_moh_land,1,2022-02-21,under_construction,townhouse,0,730510
project_134,25.321861,49.59075,الهفوف,AL HUFUF,المنطقة الشرقية,Eastern Province,0,0,0,0,1,0,شركة طراز العربية,0,0,0,240.0,0,4,592857.0,0,0,138.86,0,2,295972.0,0,0,0,طراز الاحساء - الاحساء,offplan_moh_land,1,2021-01-25,under_construction,apartment,0,3551
project_377,26.3272,49.982806,الدمام,AD DAMMAM,المنطقة الشرقية,Eastern Province,0,0,0,0,1,0,الاستثمارات المبتكرة العقارية,0,0,0,556.6,0,4,852400.0,0,0,246.8,0,4,586450.0,0,0,0,فلل البيرق - الدمام,offplan_moh_land,1,2021-01-25,under_construction,villa,0,4538
project_582,26.329667,49.99725,الدمام,AD DAMMAM,المنطقة الشرقية,Eastern Province,0,0,0,0,1,0,رتال,0,0,0,525.0,0,4,996463.0,0,0,219.7,0,4,622074.0,0,0,0,نساج تاون 2 - الدمام,offplan_moh_land,1,2021-01-25,under_construction,villa,0,12193
project_597,26.294091,43.868599,بريدة,BURAYDAH,القصيم,Qassim,1,107,0,0,1,0,شركة فضاء الاستثمار العقارية,0,0,0,516.72,0,4,961907.0,0,0,183.0,0,3,475800.0,0,0,0,فلل حطين - القصيم,offplan_private_land,1,2021-01-25,under_construction,apartment,0,16849
project_632,24.557306,46.519944,الرياض,AR RIYADH,الرياض,Riyadh,1,24,0,0,1,0,شركة فيصل عبدالله بن سعيدان للاستثمار والتطويرالعقاري,0,0,0,202.0,0,4,707640.0,0,0,125.0,0,2,347760.0,0,0,0,جوهرة السحاب - الرياض,offplan_private_land,1,2021-01-12,under_construction,apartment,0,39651
project_581,24.356102,39.575676,المدينة المنورة,AL MADINAH AL MUNAWWARAH,المدينة المنورة,Madinah,1,2,0,0,1,0,شركة دور العقارية للعقارات المحدودة,0,0,0,528.799987792969,0,5,1150000.0,0,0,125.31,0,2,390000.0,0,0,0,جادة السكب - المدينة المنورة,offplan_private_land,1,2021-01-05,under_construction,apartment,0,32380
project_647,24.65575,46.775917,الرياض,AR RIYADH,الرياض,Riyadh,0,0,0,0,1,0,شركة مسكن العربية للاستثمار والتطوير العقاري,0,0,0,450.0,0,4,1705000.0,0,0,200.0,0,4,990000.0,0,0,0,مسكن هايتس - الرياض,offplan_private_land,1,2020-12-17,under_construction,townhouse,0,30477
project_627,26.092083,50.134139,الخبر,AL KHUBAR,المنطقة الشرقية,Eastern Province,0,0,0,0,1,0,شركة سمو الأصالة للتطوير والاستثمار العقاري,0,0,0,449.5,0,4,1270700.0,0,0,237.94,0,4,699677.0,0,0,0,بارك فيو - الخبر,offplan_private_land,1,2020-10-08,under_construction,townhouse,0,22077
project_598,26.125444,50.148194,الخبر,AL KHUBAR,المنطقة الشرقية,Eastern Province,0,0,0,0,1,0,شركة أسيكو السعودية المحدودة,0,0,0,369.0,0,4,734400.0,0,0,300.0,0,4,654000.0,0,0,0,أصداف الخبر - الخبر,offplan_private_land,1,2020-07-09,under_construction,villa,0,4000
project_600,21.45992,39.912654,مكة المكرمة,MAKKAH AL MUKARRAMAH,مكة المكرمة,Makkah,0,0,0,0,1,0,شركة دور العقارية للعقارات المحدودة,0,0,0,232.0,0,3,640000.0,0,0,188.0,0,3,640000.0,0,0,0,المعيصم السكني - مكة المكرمة,offplan_private_land,1,2020-07-06,under_construction,apartment,0,3369
project_1005,26.376633,50.125687,الدمام,AD DAMMAM,المنطقة الشرقية,Eastern Province,1,8,0,0,1,0,مؤسسة عنواني العقارية,0,0,0,262.0,0,6,955000.0,0,0,130.0,0,3,540000.0,0,0,0,عنواني ريزيدنس - الدمام,offplan_private_land,1,2022-02-13,under_construction,apartment,0,27065
project_599,21.593417,39.144722,جدة,JEDDAH,مكة المكرمة,Makkah,1,1,0,0,1,0,شركة عبداللطيف جميل للأراضي المحدودة,0,0,0,225.98,0,4,1963900.0,0,0,152.28,0,2,1126900.0,0,0,0,داري قريش - جدة,offplan_private_land,1,2020-07-01,under_construction,apartment,0,6032
project_44,25.473194,49.541806,الهفوف,AL HUFUF,المنطقة الشرقية,Eastern Province,0,0,0,0,1,0,الاستثمارات المبتكرة العقارية,0,0,0,250.0,0,4,715408.0,0,0,250.0,0,4,642700.0,0,0,0,فلل البيرق ( المبرز ) - الأحساء,offplan_moh_land,1,2020-05-17,under_construction,villa,0,3124
project_572,21.807722,39.097722,جدة,JEDDAH,مكة المكرمة,Makkah,0,0,0,0,1,0,شركة حجاج وشركاه,0,0,0,307.52,0,4,1692528.0,0,0,225.0,0,4,950160.0,0,0,0,قرية موجان - جدة,offplan_private_land,1,2020-03-31,under_construction,villa,0,42576
project_25,24.903678,46.953886,الرياض,AR RIYADH,الرياض,Riyadh,0,0,0,0,1,0,حمد وأحمد محمد المزيني العقارية,0,0,0,300.0,0,4,811492.0,0,0,300.0,0,4,645750.0,0,0,0,بوابة الشرق - الرياض,offplan_private_land,1,2020-03-18,under_construction,villa,0,32495
project_9,21.377583,40.429222,الطائف,AT TAIF,مكة المكرمة,Makkah,0,0,0,0,1,0,إدارة للتنمية والتطوير,0,0,0,693.84,0,4,1379432.0,0,0,250.0,0,0,499499.0,0,0,0,مدينة الورود - الطائف -  إدارة للتنمية والتطوير,offplan_private_land,1,2020-02-25,under_construction,villa,0,35763
project_12,24.119028,37.989583,ينبع,YANBU,المدينة المنورة,Madinah,1,50,50,0,0,0,التميمي للتجارة والتعهدات المحدودة,0,0,0,347.054,0,5,1159161.0,0,0,162.337,0,3,441557.0,0,0,0,رواسن - ينبع,offplan_private_land,1,2020-02-25,under_construction,apartment,0,12712
project_23,24.847503,46.884934,الرياض,AR RIYADH,الرياض,Riyadh,0,0,0,0,1,0,عنان العقارية,0,0,0,400.22,0,4,912500.0,0,0,220.0,0,4,680000.0,0,0,0,معالي عنان - الرياض,offplan_private_land,1,2020-02-25,under_construction,villa,0,4736
project_27,24.596319,46.700361,الرياض,AR RIYADH,الرياض,Riyadh,1,92,0,0,1,0,دار الأركان,0,0,0,179.625,0,4,563000.0,0,0,133.63,0,2,384000.0,0,0,0,إسكان الرياض - (باريزيانا) - الرياض,readymade_private_land,1,2020-02-25,construction_completed,apartment,0,30293
project_45,26.202278,50.169028,الخبر,AL KHUBAR,المنطقة الشرقية,Eastern Province,0,0,0,0,1,0,عنان العقارية,0,0,0,792.4,0,4,1247719.0,0,0,210.66,0,4,621058.42,0,0,0,إطلالة البحر- الخبر,offplan_private_land,1,2020-02-25,under_construction,villa,0,4064
project_49,26.374531,49.960369,الدمام,AD DAMMAM,المنطقة الشرقية,Eastern Province,0,0,0,0,1,0,الجبيل للتعمير,0,0,0,325.0,0,3,749949.0,0,0,320.0,0,3,739102.0,0,0,0,إسكان الدمام - تلال الدمام - الدمام,readymade_private_land,1,2020-02-25,construction_completed,apartment,0,2389
project_1006,26.181119,50.190166,الخبر,AL KHUBAR,المنطقة الشرقية,Eastern Province,1,7,7,0,0,0,مدى الشرقية للتطوير,0,0,0,420.0,0,5,1784950.0,0,0,350.0,0,5,1575000.0,0,0,0,نسيم - الخبر,offplan_private_land,1,2022-02-10,under_construction,villa,0,29537
project_46,26.232793,50.204459,الخبر,AL KHUBAR,المنطقة الشرقية,Eastern Province,0,0,0,0,1,0,الرائم للمقاولات,0,0,0,314.0,0,3,720000.0,0,0,147.0,0,2,460000.0,0,0,0,إسكان الخبر - الشبيلي - الخبر,readymade_private_land,1,2020-02-25,construction_completed,apartment,0,2702
project_94,24.847667,46.885167,الرياض,AR RIYADH,الرياض,Riyadh,0,0,0,0,1,0,تحالف الزامل,0,0,0,396.2,0,4,870603.0,0,0,219.93,0,4,635308.0,0,0,0,بيوت الزامل - الرياض,offplan_private_land,1,2020-02-25,under_construction,villa,0,8862
project_19,0.0,0.0,ليلى,LAYLA,الرياض,Riyadh,0,0,0,0,0,0,وزارة الإسكان,0,0,0,725.0,0,3,363000.0,0,0,600.0,0,3,363000.0,0,0,0,إسكان الأفلاج - الأفلاج,readymade_moh_land,1,2020-02-13,construction_completed,villa,0,1880
project_64,0.0,0.0,النبهانية,AN NABHANIYAH,القصيم,Qassim,0,0,0,0,0,0,وزارة الإسكان,0,0,0,585.0,0,3,294000.0,0,0,409.48,0,3,294000.0,0,0,0,إسكان النبهانية - النبهانية,readymade_moh_land,1,2020-02-13,construction_completed,villa,0,621
project_79,0.0,0.0,طريف,TURAIF,الحدود الشمالية,Northern Borders,0,0,0,0,0,0,وزارة الإسكان,0,0,0,500.0,0,3,414690.0,0,0,484.0,0,3,414690.0,0,0,0,إسكان طريف - طريف,readymade_moh_land,1,2020-02-13,construction_completed,villa,0,3295
project_99,0.0,0.0,حفر الباطن,HAFAR AL BATIN,المنطقة الشرقية,Eastern Province,0,0,0,0,0,0,وزارة الإسكان,0,0,0,597.5,0,3,513000.0,0,0,467.5,0,3,513000.0,0,0,0,إسكان حفر الباطن - حفر الباطن,readymade_moh_land,1,2020-02-13,construction_completed,villa,0,11046
project_103,0.0,0.0,القريات,AL QURAYYAT,الجوف,Jawf,0,0,0,0,0,0,وزارة الإسكان,0,0,0,500.0,0,3,393000.0,0,0,494.0,0,3,393000.0,0,0,0,إسكان القريات - القريات,readymade_moh_land,1,2020-02-13,construction_completed,villa,0,1957
project_109,0.0,0.0,نجران,NAJRAN,نجران,Najran,0,0,0,0,0,0,وزارة الإسكان,0,0,0,616.0,0,3,391000.0,0,0,435.0,0,3,391000.0,0,0,0,إسكان نجران - نجران,readymade_moh_land,1,2020-02-13,construction_completed,villa,0,5609
project_30,26.308749,44.915475,الزلفي,AZ ZULFI,الرياض,Riyadh,0,0,0,0,0,0,وزارة الإسكان,0,0,0,525.0,0,3,350000.0,0,0,475.0,0,1,350000.0,0,0,0,إسكان الزلفي - الزلفي,readymade_moh_land,1,2020-01-29,construction_completed,villa,0,1552
project_32,0.0,0.0,ثادق,THADIQ,الرياض,Riyadh,0,0,0,0,0,0,وزارة الإسكان,0,0,0,583.2,0,3,200000.0,0,0,451.12,0,3,200000.0,0,0,0,إسكان ثادق - ثادق,readymade_moh_land,1,2020-01-29,construction_completed,villa,0,928
project_1002,21.466611,39.789,مكة المكرمة,MAKKAH AL MUKARRAMAH,مكة المكرمة,Makkah,1,92,0,0,1,0,عبر المملكة العقارية,0,0,0,192.94,0,3,787122.0,0,0,150.15,0,2,578078.0,0,0,0,مكانة - مكة المكرمة,offplan_private_land,1,2022-02-08,under_construction,apartment,0,23879
project_29,0.0,0.0,الدوادمي,AD DUWADIMI,الرياض,Riyadh,0,0,0,0,0,0,وزارة الإسكان,0,0,0,500.0,0,4,374000.0,0,0,500.0,0,4,374000.0,0,0,0,إسكان الدوادمي - الدوادمي,readymade_moh_land,1,2020-01-29,construction_completed,villa,0,2479
project_33,0.0,0.0,الخرمة,AL KHURMAH,مكة المكرمة,Makkah,0,0,0,0,0,0,وزارة الإسكان,0,0,0,550.0,0,3,370000.0,0,0,493.75,0,3,370000.0,0,0,0,إسكان الخرمة - الخرمة,readymade_moh_land,1,2020-01-29,construction_completed,villa,0,1745
project_43,0.0,0.0,الهفوف,AL HUFUF,المنطقة الشرقية,Eastern Province,0,0,0,0,0,0,وزارة الإسكان,0,0,0,790.59,0,4,446500.0,0,0,470.04,0,3,440500.0,0,0,0,إسكان الإحساء,readymade_moh_land,1,2020-01-29,construction_completed,villa,0,2548
project_48,0.0,0.0,المبرز,AL MUBARRAZ,المنطقة الشرقية,Eastern Province,0,0,0,0,0,0,وزارة الإسكان,0,0,0,500.0,0,4,650000.0,0,0,100.0,0,4,0.0,0,0,0,إسكان المبرز - المبرز,readymade_moh_land,1,2020-01-29,construction_completed,villa,0,2258
project_63,0.0,0.0,البدائع,AL BADAI',القصيم,Qassim,0,0,0,0,0,0,وزارة الإسكان,0,0,0,600.0,0,3,310000.0,0,0,600.0,0,3,310000.0,0,0,0,إسكان البدائع - البدائع,readymade_moh_land,1,2020-01-29,construction_completed,villa,0,766
project_67,0.0,0.0,رياض الخبراء,RIYAD AL KHABRA,القصيم,Qassim,0,0,0,0,0,0,وزارة الإسكان,0,0,0,727.0,0,4,452459.0,0,0,331.0,0,4,452459.0,0,0,0,إسكان رياض الخبراء - رياض الخبراء,readymade_moh_land,1,2020-01-29,construction_completed,villa,0,745
project_75,0.0,0.0,المخواة,AL MUKHWAH,الباحة,Bahah,0,0,0,0,0,0,وزارة الإسكان,0,0,0,495.0,0,3,500000.0,0,0,387.35,0,3,390000.0,0,0,0,إسكان المخواة - المخواة,readymade_moh_land,1,2020-01-29,construction_completed,villa,0,1642
project_70,0.0,0.0,احد المسارحة,AHAD AL MUSARIHAH,جازان,Jizan,0,0,0,0,0,0,وزارة الإسكان,0,0,0,504.02,0,4,550000.0,0,0,100.0,0,4,0.0,0,0,0,إسكان أحد المسارحة - أحد المسارحة,readymade_moh_land,1,2020-01-29,construction_completed,villa,0,2929
project_78,0.0,0.0,رفحاء,RAFHA',الحدود الشمالية,Northern Borders,0,0,0,0,0,0,وزارة الإسكان,0,0,0,525.0,0,3,336000.0,0,0,475.0,0,3,336000.0,0,0,0,إسكان رفحاء - رفحاء,readymade_moh_land,1,2020-01-29,construction_completed,villa,0,756
project_96,0.0,0.0,شقراء,SHAQRA',الرياض,Riyadh,0,0,0,0,0,0,وزارة الإسكان,0,0,0,514.28,0,4,339500.0,0,0,459.14,0,4,339500.0,0,0,0,إسكان شقراء - شقراء,readymade_moh_land,1,2020-01-29,construction_completed,villa,0,1877
project_1003,24.839944,46.765028,الرياض,AR RIYADH,الرياض,Riyadh,1,3,0,0,1,0,شركة الأشغال العقارية,0,0,0,55.4624,0,3,1000000.0,0,0,25.0848,0,2,650000.0,0,0,0,هبيتات٢ - الرياض,offplan_private_land,1,2022-02-08,under_construction,apartment,0,89704
project_80,0.0,0.0,عرعر,AR'AR,الحدود الشمالية,Northern Borders,0,0,0,0,0,0,وزارة الإسكان,0,0,0,500.0,0,3,315000.0,0,0,500.0,0,3,315000.0,0,0,0,إسكان عرعر - عرعر,readymade_moh_land,1,2020-01-29,construction_completed,villa,0,2769
project_95,0.0,0.0,رماح,RUMAH,الرياض,Riyadh,0,0,0,0,0,0,وزارة الإسكان,0,0,0,620.0,0,4,400000.0,0,0,465.0,0,4,400000.0,0,0,0,إسكان رماح - رماح,readymade_moh_land,1,2020-01-29,construction_completed,villa,0,2317
project_100,0.0,0.0,عنيزة,UNAYZAH,القصيم,Qassim,0,0,0,0,0,0,وزارة الإسكان,0,0,0,525.0,0,3,342000.0,0,0,500.0,0,3,342000.0,0,0,0,إسكان عنيزة - عنيزة,readymade_moh_land,1,2020-01-29,construction_completed,villa,0,22846
project_108,0.0,37.976167,العلا,AL ULA,المدينة المنورة,Madinah,0,0,0,0,0,0,وزارة الإسكان,0,0,0,1175.0,0,3,428000.0,0,0,730.0,0,3,428000.0,0,0,0,إسكان العلا - العلا,readymade_moh_land,1,2020-01-29,construction_completed,villa,0,1350
project_128,0.0,0.0,خيبر,KHAYBAR,المدينة المنورة,Madinah,0,0,0,0,0,0,وزارة الإسكان,0,0,0,774.0,0,4,550000.0,0,0,100.0,0,4,100000.0,0,0,0,إسكان خيبر - خيبر,readymade_moh_land,1,2020-01-29,construction_completed,villa,0,989
project_1017,21.391739,39.253628,جدة,JEDDAH,مكة المكرمة,Makkah,1,1,0,0,1,0,الشركة الوطنية للإسكان البناء المطور,0,0,0,456.97,0,1,638096.05,0,0,348.908,0,1,301525.0,0,0,0,السدن - جدة,advanced_self_construction,1,2020-01-29,under_construction,villa,0,12626
project_691,26.3565833,50.1339943812,الدمام,AD DAMMAM,المنطقة الشرقية,Eastern Province,1,2,0,0,1,0,شركة روانا للتطوير والاستثمار العقاري,0,0,0,218.0,0,3,985000.0,0,0,142.0,0,3,690000.0,0,0,0,دان - الدمام,offplan_private_land,1,2022-02-01,under_construction,apartment,0,21137
project_1020,26.851434,49.795433,الجبيل,AL JUBAIL,المنطقة الشرقية,Eastern Province,1,2,0,0,1,0,شركة مرجان الشرقية للمقاولات العامة,0,0,0,266.0,0,4,698000.0,0,0,230.0,0,4,698000.0,0,0,0,درة الجبيل - الجبيل,offplan_private_land,1,2022-08-23,under_construction,apartment,0,3628
project_1001,21.752458,39.165661,جدة,JEDDAH,مكة المكرمة,Makkah,1,107,0,0,1,0,شركة أزهر القابضة,0,0,0,350.98242,0,4,811494.0,0,0,192.1,0,3,462786.0,0,0,0,بيلار - جدة,offplan_moh_land,1,2022-01-27,under_construction,apartment,0,102294
project_13,25.316833,49.544667,الهفوف,AL HUFUF,المنطقة الشرقية,Eastern Province,0,0,0,0,1,0,الفايزية,0,0,0,462.0,0,4,928300.0,0,0,236.0,0,3,666000.0,0,0,0,مخطط الجوهرة السكني - الأحساء,offplan_private_land,1,2022-01-23,under_construction,villa,0,18439
project_8,21.524833,40.508167,الطائف,AT TAIF,مكة المكرمة,Makkah,1,143,0,0,1,0,تواصل الإمداد,0,0,0,317.89,0,6,812682.0,0,0,164.463,0,3,361812.0,0,0,0,الفتح - الطائف -  تواصل الإمداد,offplan_private_land,1,2022-01-23,under_construction,apartment,0,23287
project_11,21.556583,39.798583,مكة المكرمة,MAKKAH AL MUKARRAMAH,مكة المكرمة,Makkah,1,40,0,0,1,0,الخماسية,0,0,0,511.0,0,5,1218195.0,0,0,139.36,0,2,450690.0,0,0,0,رتاج - مكة المكرمة,offplan_private_land,1,2022-01-23,under_construction,apartment,0,43208
project_55,26.342972,49.995639,الدمام,AD DAMMAM,المنطقة الشرقية,Eastern Province,0,0,0,0,0,0,شركة إسكان الحاكمية للاستثمار والتطوير العقاري,0,0,0,549.6887,0,4,963798.0,0,0,250.0,0,3,595000.0,0,0,0,الواجهة - الدمام,offplan_private_land,1,2022-01-23,under_construction,villa,0,31826
project_653,24.9013546,46.7904786,الرياض,AR RIYADH,الرياض,Riyadh,0,0,0,0,1,0,الشركة العقارية السعودية,0,0,0,765.0,0,4,1997052.0,0,0,230.0,0,3,892888.0,0,0,0,الضاحية السكني - الرياض,offplan_private_land,1,2022-01-23,under_construction,villa,0,32586
project_652,24.543996,46.5137162,الرياض,AR RIYADH,الرياض,Riyadh,1,19,0,0,1,0,شركة فيصل عبدالله بن سعيدان للاستثمار والتطويرالعقاري,0,0,0,199.0,0,4,741633.0,0,0,157.0,0,4,471000.0,0,0,0,جوهرة الغروب - الرياض,offplan_private_land,1,2022-01-23,under_construction,apartment,0,24404
project_673,26.210722,50.169167,الخبر,AL KHUBAR,المنطقة الشرقية,Eastern Province,0,0,0,0,1,0,شركة افاق التعمير للتطوير والاستثمار العقاري,0,0,0,501.95,0,4,1196204.0,0,0,299.36,0,3,985145.0,0,0,0,دانة البحر - الخبر,offplan_private_land,1,2022-01-23,under_construction,villa,0,6239
project_701,26.1368679,50.152769917,الخبر,AL KHUBAR,المنطقة الشرقية,Eastern Province,0,0,0,0,1,0,رتال,0,0,0,727.0,0,4,1646100.0,0,0,348.0,0,4,1074520.0,0,0,0,نساج تاون - الخبر,offplan_private_land,1,2022-01-23,under_construction,villa,0,9243
project_137,20.016278,41.5177,الباحة,AL BAHA,الباحة,Bahah,0,0,0,0,1,0,لا يوجد مدخل,0,0,0,544.717071,0,1,0.0,0,0,471.324076,0,1,0.0,0,0,0,مخطط الازدهار - الباحة,lands_moh_land,1,2022-01-20,no entry,land,0,74937
project_1022,24.655908,46.585686,صبيا,SABYA,جازان,Jizan,1,33,0,0,1,0,شركة مدى المحدودة,0,0,0,224.0,0,6,672000.0,0,0,188.64,0,4,480000.0,0,0,0,مدى السكني - جازان,offplan_private_land,1,2022-08-11,under_construction,apartment,0,3495
project_146,17.318725,42.51176,صبيا,SABYA,جازان,Jizan,1,17,0,0,0,0,لا يوجد مدخل,0,0,0,584.4,0,1,0.0,0,0,400.0,0,1,0.0,0,0,0,مخطط واحة البستان - صبيا,lands_moh_land,1,2022-01-20,no entry,land,0,477822
project_145,28.46,46.080389,حفر الباطن,HAFAR AL BATIN,المنطقة الشرقية,Eastern Province,0,0,0,0,1,0,لا يوجد مدخل,0,0,0,573.22,0,1,0.0,0,0,424.18,0,1,0.0,0,0,0,مخطط الشروق - حفر الباطن,lands_moh_land,1,2022-01-20,no entry,land,0,123912
project_144,24.579846,39.755032,المدينة المنورة,AL MADINAH AL MUNAWWARAH,المدينة المنورة,Madinah,0,0,0,0,1,0,لا يوجد مدخل,0,0,0,816.0,0,1,0.0,0,0,499.988996026,0,1,0.0,0,0,0,مخطط الهضبة - المدينة المنورة,lands_moh_land,1,2022-01-20,no entry,land,0,4156041
project_139,25.923111,49.607167,بقيق,BUQAYQ,المنطقة الشرقية,Eastern Province,0,0,0,0,1,0,لا يوجد مدخل,0,0,0,600.14,0,1,0.0,0,0,445.0,0,1,0.0,0,0,0,مخطط تلال قرطبة - بقيق,lands_moh_land,1,2022-01-20,no entry,land,0,413807
project_141,18.825742,41.966253,بارق,BARIQ,عسير,'Asir,0,0,0,0,0,0,لا يوجد مدخل,0,0,0,590.210557,0,1,0.0,0,0,400.0,0,1,0.0,0,0,0,مخطط  ربيع بارق - بارق,lands_moh_land,1,2022-01-20,no entry,land,0,178329
project_155,26.271694,36.451608,الوجه,AL WAJH,تبوك,Tabuk,1,1,1,0,0,0,لا يوجد مدخل,0,0,0,533.33,0,1,0.0,0,0,400.0,0,1,0.0,0,0,0,مخطط نورس الإسكان -  الوجه,lands_moh_land,1,2022-01-20,no entry,land,0,26717
project_149,17.779707,43.493431,ظهران الجنوب,DHAHRAN AL JANUB,عسير,'Asir,0,0,0,0,1,0,لا يوجد مدخل,0,0,0,530.278,0,1,0.0,0,0,484.843,0,1,0.0,0,0,0,مخطط  ياسمين - ظهران الجنوب,lands_moh_land,1,2022-01-20,no entry,land,0,22149
project_153,30.502632,38.170283,طبرجل,TUBARJAL,الجوف,Jawf,0,0,0,0,0,0,لا يوجد مدخل,0,0,0,520.0,0,1,0.0,0,0,480.0,0,1,0.0,0,0,0,مخطط صفا طبرجل - طبرجل,lands_moh_land,1,2022-01-20,no entry,land,0,10360
project_152,17.109361,42.755194,ضمد,DAMAD,جازان,Jizan,0,0,0,0,1,0,لا يوجد مدخل,0,0,0,525.0,0,1,0.0,0,0,400.0,0,1,0.0,0,0,0,مخطط الريحان - ضمد,lands_moh_land,1,2022-01-20,no entry,land,0,35189
project_150,26.799611,44.207417,الأسياح,AL ASYAH,القصيم,Qassim,0,0,0,0,1,0,لا يوجد مدخل,0,0,0,551.605,0,1,0.0,0,0,477.0,0,1,0.0,0,0,0,مخطط واحة الأسياح - الأسياح,lands_moh_land,1,2022-01-20,no entry,land,0,5396
project_26,24.648991,46.555,الرياض,AR RIYADH,الرياض,Riyadh,0,0,0,0,1,0,بنائات العقارية,0,0,0,279.7,0,5,672000.0,0,0,125.0,0,2,300000.0,0,0,0,إسكان الرياض (مشروع السلطان) - الرياض,readymade_private_land,1,2022-07-28,construction_completed,apartment,0,15460
project_148,20.467323,44.778423,وادي الدواسر,WADI AD DAWASIR,الرياض,Riyadh,0,0,0,0,1,0,لا يوجد مدخل,0,0,0,555.919,0,1,0.0,0,0,482.502,0,1,0.0,0,0,0,مخطط وادي العقيق - وادي الدواسر,lands_moh_land,1,2022-01-20,no entry,land,0,45818
project_159,29.21324,34.932062,حقل,HAQL,تبوك,Tabuk,0,0,0,0,1,0,لا يوجد مدخل,0,0,0,777.2,0,1,0.0,0,0,387.9,0,1,0.0,0,0,0,مخطط أصداف السلطانية - حقل,lands_moh_land,1,2022-01-20,no entry,land,0,18959
project_163,17.700056,42.308806,الدرب,AD DARB,جازان,Jizan,0,0,0,0,1,0,لا يوجد مدخل,0,0,0,525.0,0,1,0.0,0,0,480.0,0,1,0.0,0,0,0,مخطط المملكة - الدرب,lands_moh_land,1,2022-01-20,no entry,land,0,233174
project_160,21.658643,39.617772,الجموم,AL JUMUM,مكة المكرمة,Makkah,0,0,0,0,1,0,لا يوجد مدخل,0,0,0,500.000000027,0,1,0.0,0,0,499.0,0,1,0.0,0,0,0,مخطط الجموم - الجموم,lands_moh_land,1,2022-01-20,no entry,land,0,656017
project_171,21.898806,39.234417,جدة,JEDDAH,مكة المكرمة,Makkah,0,0,0,0,1,0,لا يوجد مدخل,0,0,0,500.0,0,1,0.0,0,0,500.0,0,1,0.0,0,0,0,مخطط منارات الصفوة - عسفان,lands_moh_land,1,2022-01-20,no entry,land,0,3494018
project_168,17.248753,42.897231,العيدابي,AL 'AYDABI,جازان,Jizan,0,0,0,0,1,0,لا يوجد مدخل,0,0,0,543.71,0,1,0.0,0,0,499.6,0,1,0.0,0,0,0,مخطط منازل الشهد - جازان,lands_moh_land,1,2022-01-20,no entry,land,0,53354
project_169,26.182657,43.603449,البكيرية,AL BUKAYRIYAH,القصيم,Qassim,0,0,0,0,1,0,لا يوجد مدخل,0,0,0,594.6863,0,1,0.0,0,0,434.2214,0,1,0.0,0,0,0,مخطط بساتين البكيرية - البكيرية,lands_moh_land,1,2022-01-20,no entry,land,0,216398
project_167,20.185481,41.088044,الحجرة,AL HAJRAH,الباحة,Bahah,0,0,0,0,1,0,لا يوجد مدخل,0,0,0,625.499086883623,0,1,0.0,0,0,454.588749905647,0,1,0.0,0,0,0,مخطط  أنوار الحجرة - الباحة,lands_moh_land,1,2022-01-20,no entry,land,0,217100
project_180,25.826161,44.174328,المذنب,AL MIDHNAB,القصيم,Qassim,0,0,0,0,1,0,لا يوجد مدخل,0,0,0,576.88,0,1,0.0,0,0,491.0,0,1,0.0,0,0,0,مخطط معين المذنب - المذنب,lands_moh_land,1,2022-01-20,no entry,land,0,31629
project_181,18.788767,41.906663,محايل,MUHAYIL,عسير,'Asir,0,0,0,0,1,0,لا يوجد مدخل,0,0,0,592.39274,0,1,0.0,0,0,388.194307,0,1,0.0,0,0,0,مخطط ربيع محايل - محايل,lands_moh_land,1,2022-01-20,no entry,land,0,59228
project_1028,24.810025,46.771981,الرياض,AR RIYADH,الرياض,Riyadh,1,4,0,0,1,0,شركه رسو العقارية,0,0,0,199.55,0,4,1050000.0,0,0,151.35,0,3,815000.0,0,0,0,رسو 1 - الرياض,offplan_private_land,1,2022-07-26,under_construction,apartment,0,10859
project_178,20.160932,41.38947,القري,AL QARI,الباحة,Bahah,0,0,0,0,1,0,لا يوجد مدخل,0,0,0,548.951,0,1,0.0,0,0,477.587,0,1,0.0,0,0,0,مخطط روابي الباحة - الباحة,lands_moh_land,1,2022-01-20,no entry,land,0,225198
project_183,18.696028,42.871111,خميس مشيط,KHAMIS MUSHAYT,عسير,'Asir,0,0,0,0,1,0,لا يوجد مدخل,0,0,0,518.354397467399,0,1,0.0,0,0,475.804162831622,0,1,0.0,0,0,0,مخطط وادي الرفاه - خميس مشيط,lands_moh_land,1,2022-01-20,no entry,land,0,164914
project_182,19.847737,41.449261,المخواة,AL MUKHWAH,الباحة,Bahah,0,0,0,0,1,0,لا يوجد مدخل,0,0,0,598.538475,0,1,0.0,0,0,400.0,0,1,0.0,0,0,0,مخطط منازل السمير - الباحة,lands_moh_land,1,2022-01-20,no entry,land,0,7501
project_184,18.06923,43.124416,سراة عبيدة,SARAT ABIDAH,عسير,'Asir,0,0,0,0,0,0,لا يوجد مدخل,0,0,0,689.860540758779,0,1,0.0,0,0,427.499685626398,0,1,0.0,0,0,0,مخطط جوهرة القصر  - سراة عبيدة,lands_moh_land,1,2022-01-20,no entry,land,0,300695
project_177,19.316833,42.145361,النماص (النماص),AN NAMAS (TANUMAH),عسير,'Asir,0,0,0,0,1,0,لا يوجد مدخل,0,0,0,616.79298700328,0,1,0.0,0,0,499.813256967126,0,1,0.0,0,0,0,مخطط  تلال السرح - النماص,lands_moh_land,1,2022-01-20,no entry,land,0,66713
project_176,29.979442,40.249676,سكاكا,SAKAKA,الجوف,Jawf,0,0,0,0,1,0,لا يوجد مدخل,0,0,0,541.1486,0,1,0.0,0,0,400.0,0,1,0.0,0,0,0,مخطط ورود سكاكا - سكاكا,lands_moh_land,1,2022-01-20,no entry,land,0,32572
project_190,19.83465,41.703233,بلجرشي,BILJURASHI,الباحة,Bahah,0,0,0,0,1,0,لا يوجد مدخل,0,0,0,680.562,0,1,0.0,0,0,475.5,0,1,0.0,0,0,0,مخطط روابي الحميد - بلجرشي,lands_moh_land,1,2022-01-20,no entry,land,0,208598
project_186,27.390814,41.195344,موقق,MAWQAQ,حائل,Ha'il,0,0,0,0,1,0,لا يوجد مدخل,0,0,0,539.73,0,1,0.0,0,0,352.34,0,1,0.0,0,0,0,مخطط التلال - موقق,lands_moh_land,1,2022-01-20,no entry,land,0,7976
project_192,20.3054,41.58563,العقيق,AL AQIQ,الباحة,Bahah,1,7,0,0,0,0,لا يوجد مدخل,0,0,0,545.44,0,1,0.0,0,0,400.0,0,1,0.0,0,0,0,مخطط جوهرة العقيق - العقيق,lands_moh_land,1,2022-01-20,no entry,land,0,90761
project_195,17.842279,44.303663,حبونا,HUBUNA,نجران,Najran,1,17,0,0,1,0,لا يوجد مدخل,0,0,0,526.483,0,1,0.0,0,0,480.566,0,1,0.0,0,0,0,مخطط درة العزيزية - حبونا,lands_moh_land,1,2022-01-20,no entry,land,0,38152
project_1024,21.774472,39.181277,جدة,JEDDAH,مكة المكرمة,Makkah,1,41,0,0,1,0,عبدالرحمن الراشد وأولاده,0,0,0,332.84,0,5,1467216.0,0,0,212.5,0,5,956836.0,0,0,0,جاردن فيو - جدة,offplan_moh_land,1,2022-07-03,under_construction,townhouse,0,68815
project_203,18.706029,42.068267,محايل,MUHAYIL,عسير,'Asir,1,35,0,0,0,0,لا يوجد مدخل,0,0,0,556.90314082345,0,1,0.0,0,0,466.950289352773,0,1,0.0,0,0,0,مخطط درة سحبان - محايل عسير,lands_moh_land,1,2022-01-20,no entry,land,0,333327
project_202,31.649161,38.686154,طريف,TURAIF,الحدود الشمالية,Northern Borders,0,0,0,0,1,0,لا يوجد مدخل,0,0,0,527.5,0,1,0.0,0,0,499.9988,0,1,0.0,0,0,0,مخطط واحة طريف ١ - طريف,lands_moh_land,1,2022-01-20,no entry,land,0,12486
project_211,25.897574,43.542005,الرس,AR RASS,القصيم,Qassim,1,1,1,0,0,0,لا يوجد مدخل,0,0,0,1111.294443,0,1,0.0,0,0,400.0,0,1,0.0,0,0,0,مخطط منازل الرس - الرس,lands_moh_land,1,2022-01-20,no entry,land,0,808840
project_209,19.905997,41.162563,قلوة,QILWAH,الباحة,Bahah,0,0,0,0,1,0,لا يوجد مدخل,0,0,0,569.620996240996,0,1,0.0,0,0,450.00045142102,0,1,0.0,0,0,0,مخطط إطلالة الوادي - قلوة,lands_moh_land,1,2022-01-20,no entry,land,0,9625
project_212,25.95005,43.723738,البدائع,AL BADAI',القصيم,Qassim,1,5,0,0,0,0,لا يوجد مدخل,0,0,0,604.88,0,1,0.0,0,0,454.09,0,1,0.0,0,0,0,مخطط  ربيع البدائع - البدائع,lands_moh_land,1,2022-01-20,no entry,land,0,3590784
project_207,21.338748,39.264257,جدة,JEDDAH,مكة المكرمة,Makkah,0,0,0,0,1,0,لا يوجد مدخل,0,0,0,450.0,0,1,0.0,0,0,450.0,0,1,0.0,0,0,0,مخطط روضة التعاون - الخمرة,lands_moh_land,1,2022-01-20,no entry,land,0,187354
project_206,19.389449,41.850462,العرضية الجنوبية,AL 'ARDIA AL JANUBIA,مكة المكرمة,Makkah,0,0,0,0,1,0,لا يوجد مدخل,0,0,0,500.0,0,1,0.0,0,0,500.0,0,1,0.0,0,0,0,مخطط واحة العرضية - العرضيات,lands_moh_land,1,2022-01-20,no entry,land,0,282812
project_205,19.706958,42.039368,عفراء,'AFRA',عسير,'Asir,0,0,0,0,1,0,لا يوجد مدخل,0,0,0,1001.8106493379,0,1,0.0,0,0,400.0,0,1,0.0,0,0,0,مخطط شرفات الوادي - بلقرن,lands_moh_land,1,2022-01-20,no entry,land,0,167526
project_219,25.107644,46.186212,حريملاء,HURAYMILA,الرياض,Riyadh,0,0,0,0,1,0,لا يوجد مدخل,0,0,0,558.0,0,1,0.0,0,0,487.5,0,1,0.0,0,0,0,مخطط شرفات - حريملاء,lands_moh_land,1,2022-01-20,no entry,land,0,84464
project_216,18.358569,42.526731,ابها,ABHA,عسير,'Asir,0,0,0,0,1,0,لا يوجد مدخل,0,0,0,569.976479147407,0,1,0.0,0,0,454.866274251684,0,1,0.0,0,0,0,مخطط نسيم أبها - أبها,lands_moh_land,1,2022-01-20,no entry,land,0,584139
project_1027,24.566289,46.676295,الرياض,AR RIYADH,الرياض,Riyadh,1,108,0,0,1,0,بن جارالله,0,0,0,362.036,0,4,1471409.0,0,0,249.594,0,4,973253.0,0,0,0,أزيان نمار - الرياض,offplan_moh_land,1,2022-07-03,under_construction,villa,0,45195
project_220,31.293095,37.342182,القريات,AL QURAYYAT,الجوف,Jawf,0,0,0,0,1,0,لا يوجد مدخل,0,0,0,538.48,0,1,0.0,0,0,438.04,0,1,0.0,0,0,0,مخطط النخيل - القريات,lands_moh_land,1,2022-01-20,no entry,land,0,8466
project_214,23.512205,46.89964,حوطة بني تميم,HAWTAT BANI TAMIM,الرياض,Riyadh,0,0,0,0,1,0,لا يوجد مدخل,0,0,0,1365.0,0,1,0.0,0,0,622.03,0,1,0.0,0,0,0,مخطط منازل الحوطة - حوطة بني تميم,lands_moh_land,1,2022-01-20,no entry,land,0,4323
project_217,26.511051,42.114135,سميراء,SIMIRA',حائل,Ha'il,1,1,0,0,1,0,لا يوجد مدخل,0,0,0,597.924,0,1,0.0,0,0,476.619,0,1,0.0,0,0,0,مخطط الازدهار - سميراء,lands_moh_land,1,2022-01-20,no entry,land,0,9524
project_225,19.1067,41.857862,المجاردة,AL MAJARDAH,عسير,'Asir,0,0,0,0,1,0,لا يوجد مدخل,0,0,0,550.0,0,1,0.0,0,0,497.5,0,1,0.0,0,0,0,مخطط العبير - عسير,lands_moh_land,1,2022-01-20,no entry,land,0,173686
project_228,23.607434,46.490155,الحريق (الحريق),AL HARIQ,الرياض,Riyadh,1,4,4,0,0,0,لا يوجد مدخل,0,0,0,519.88,0,1,0.0,0,0,479.33,0,1,0.0,0,0,0,مخطط منازل الزهور - الحريق,lands_moh_land,1,2022-01-20,no entry,land,0,10617
project_238,26.177791,43.612227,البكيرية,AL BUKAYRIYAH,القصيم,Qassim,0,0,0,0,1,0,لا يوجد مدخل,0,0,0,750.0,0,1,0.0,0,0,575.5,0,1,0.0,0,0,0,مخطط إسكان البكيرية - البكيرية,lands_moh_land,1,2022-01-20,no entry,land,0,12166
project_236,18.025902,43.152436,سراة عبيدة,SARAT ABIDAH,عسير,'Asir,0,0,0,0,1,0,لا يوجد مدخل,0,0,0,580.722927714819,0,1,0.0,0,0,472.375871797447,0,1,0.0,0,0,0,مخطط الروابي - سراة عبيدة,lands_moh_land,1,2022-01-20,no entry,land,0,131841
project_237,24.469556,39.807306,المدينة المنورة,AL MADINAH AL MUNAWWARAH,المدينة المنورة,Madinah,1,2,0,0,0,0,لا يوجد مدخل,0,0,0,550.0,0,1,0.0,0,0,500.0,0,1,0.0,0,0,0,مخطط الشروق -  المدينة المنورة,lands_moh_land,1,2022-01-20,no entry,land,0,10888216
project_374,18.343258,42.519739,ابها,ABHA,عسير,'Asir,0,0,0,0,1,0,لا يوجد مدخل,0,0,0,752.991499582852,0,1,0.0,0,0,393.055892156418,0,1,0.0,0,0,0,مخطط روابي أبها - أبها,lands_moh_land,1,2022-01-20,no entry,land,0,1054049
project_241,26.134406,44.05993,عنيزة,UNAYZAH,القصيم,Qassim,0,0,0,0,1,0,لا يوجد مدخل,0,0,0,714.45,0,1,0.0,0,0,450.0,0,1,0.0,0,0,0,مخطط آفاق الصفا - عنيزة,lands_moh_land,1,2022-01-20,no entry,land,0,1387225
