id,city_name_ar,city_name_en,region_name_ar,region_name_en,availability,available_units,available_auctions_units,bookable,developer_name,max_area,max_bed_room,max_price,min_area,min_bed_room,min_price,project_name,project_type,publish_date,construction_status,unit_type,views_count,location
project_1044,الرياض,AR RIYADH,الرياض,Riyadh,1,14,0,1,شركة المسكن المحدودة,196.54,3,780000.0,177.0,3,550000.0,المسكن ١٢ - الرياض,offplan_private_land,2022-08-30,under_construction,apartment,1039,"24.560109,46.519438"
project_1033,الرياض,AR RIYADH,الرياض,Riyadh,1,0,0,1,شركة جود العمارة للتطوير والاستثمار العقاري,331.01,3,2613750.0,110.8,2,1076250.0,جلامور - الرياض,offplan_private_land,2022-08-29,under_construction,apartment,1837,"24.793165,46.633768"
project_681,عفيف,AFIF,الرياض,Riyadh,1,61,0,1,لا يوجد مدخل,1260.0,1,0.0,556.5,1,0.0,مخطط 879  - العيدانية,lands_moh_land,2022-06-30,no entry,land,5995,"24.058337,42.836919"
project_378,محايل,MUHAYIL,عسير,'Asir,0,0,0,1,لا يوجد مدخل,551.252,1,0.0,476.212,1,0.0,مخطط جوهرة محايل - عسير,lands_moh_land,2022-01-20,no entry,land,372872,"18.446355,42.098271"
project_386,الدوادمي,AD DUWADIMI,الرياض,Riyadh,0,0,0,1,لا يوجد مدخل,945.05,1,0.0,400.0,1,0.0,مخطط طيبة العليا - الدوادمي,lands_moh_land,2022-01-20,no entry,land,50459,"24.545443,44.404584"
project_393,البكيرية,AL BUKAYRIYAH,القصيم,Qassim,0,0,0,1,لا يوجد مدخل,643.36,1,0.0,421.31,1,0.0,مخطط زهرة البكيرية - البكيرية,lands_moh_land,2022-01-20,no entry,land,67735,"26.182713,43.614401"
project_395,العويقلية,AL UWAYQILAH,الحدود الشمالية,Northern Borders,0,0,0,1,لا يوجد مدخل,573.2601,1,0.0,450.0,1,0.0,مخطط الورود - العويقلية,lands_moh_land,2022-01-20,no entry,land,5408,"30.356711,42.249882"
project_389,القنفذة,AL QUNFIDHAH,مكة المكرمة,Makkah,0,0,0,1,لا يوجد مدخل,502.000000024,1,0.0,500.999589796,1,0.0,مخطط الرفاة - القنفذة,lands_moh_land,2022-01-20,no entry,land,172120,"19.18114,41.195385"
project_397,ابو عريش,ABU ARISH,جازان,Jizan,0,0,0,1,لا يوجد مدخل,779.0,1,0.0,600.63,1,0.0,مخطط إسكان أبو عريش - أبو عريش,lands_moh_land,2022-01-20,no entry,land,14543,"16.867972,42.957302"
project_402,ليلى,LAYLA,الرياض,Riyadh,0,0,0,1,لا يوجد مدخل,865.4163,1,0.0,598.75,1,0.0,مخطط إسكان الأفلاج - الأفلاج,lands_moh_land,2022-01-20,no entry,land,8000,"22.279591,46.713575"
project_400,الكامل,AL KAMIL,مكة المكرمة,Makkah,0,0,0,1,لا يوجد مدخل,450.0,1,0.0,450.0,1,0.0,مخطط إسكان الكامل - الكامل,lands_moh_land,2022-01-20,no entry,land,50452,"22.33625,39.822513"
project_398,الشنان,ASH SHINAN,حائل,Ha'il,0,0,0,1,لا يوجد مدخل,560.0,1,0.0,475.0,1,0.0,مخطط إسكان الشنان - الشنان,lands_moh_land,2022-01-20,no entry,land,6600,"27.22034,42.446524"
project_404,بدر,BADR,المدينة المنورة,Madinah,0,0,0,1,لا يوجد مدخل,450.0,1,0.0,450.0,1,0.0,مخطط إسكان بدر - بدر,lands_moh_land,2022-01-20,no entry,land,19030,"23.792337,38.724246"
project_728,الدوادمي,AD DUWADIMI,الرياض,Riyadh,1,353,0,1,لا يوجد مدخل,1336.74843661115,1,0.0,580.871898192912,1,0.0,144 - وادي الرشاء,lands_moh_land,2022-06-30,no entry,land,5253,"24.54346,43.958677"
project_407,حائل,HAIL,حائل,Ha'il,0,0,0,1,لا يوجد مدخل,669.31,1,0.0,421.46,1,0.0,مخطط إسكان حائل - حائل,lands_moh_land,2022-01-20,no entry,land,123779,"27.508793,41.77225"
project_408,تيماء,TAYMA',تبوك,Tabuk,0,0,0,1,لا يوجد مدخل,515.5,1,0.0,460.0,1,0.0,مخطط إسكان تيماء - تيماء,lands_moh_land,2022-01-20,no entry,land,27299,"27.619375,38.490426"
project_411,سكاكا,SAKAKA,الجوف,Jawf,0,0,0,1,لا يوجد مدخل,777.067,1,0.0,479.995,1,0.0,مخطط إسكان سكاكا 2 - سكاكا,lands_moh_land,2022-01-20,no entry,land,27008,"29.807707,40.167496"
project_410,عنيزة,UNAYZAH,القصيم,Qassim,0,0,0,1,لا يوجد مدخل,541.25,1,0.0,497.0,1,0.0,مخطط إسكان عنيزة - عنيزة,lands_moh_land,2022-01-20,no entry,land,1675753,"26.060963,44.095049"
project_413,عرعر,AR'AR,الحدود الشمالية,Northern Borders,0,0,0,1,لا يوجد مدخل,500.0,1,0.0,492.0,1,0.0,مخطط إسكان عرعر - عرعر,lands_moh_land,2022-01-20,no entry,land,17726,"31.013132,41.054961"
project_424,قرية (قرية العليا),QARYAT AL 'ULYA,المنطقة الشرقية,Eastern Province,1,5,0,1,لا يوجد مدخل,1000.0,1,0.0,600.0,1,0.0,مخطط العليا - قرية العليا,lands_moh_land,2022-01-20,no entry,land,23036,"27.019028,47.051472"
project_457,القويعية,QUWAY'IYAH,الرياض,Riyadh,0,0,0,1,لا يوجد مدخل,1065.648077,1,0.0,500.0,1,0.0,مخطط روضة الصفا - القويعية,lands_moh_land,2022-01-20,no entry,land,54878,"24.098672,45.309165"
project_489,بريدة,BURAYDAH,القصيم,Qassim,1,16,16,0,لا يوجد مدخل,982.952053,1,0.0,452.830401,1,0.0,مخطط خب الروضان - بريدة,lands_moh_land,2022-01-20,no entry,land,64816,"26.252625,43.911115"
project_573,الدرب,AD DARB,جازان,Jizan,0,0,0,1,لا يوجد مدخل,550.0,1,0.0,450.0,1,0.0,مخطط روابي عتود  - الدرب,lands_moh_land,2022-01-20,no entry,land,548507,"17.638249,42.236922"
project_579,شرورة,SHARURAH,نجران,Najran,0,0,0,1,لا يوجد مدخل,550.0041,1,0.0,449.9956,1,0.0,مخطط درة شرورة - شرورة,lands_moh_land,2022-01-20,no entry,land,2199223,"17.511119,47.051395"
project_727,ثادق,THADIQ,الرياض,Riyadh,0,0,0,1,لا يوجد مدخل,747.999999999351,1,0.0,599.999999971741,1,0.0,مخطط ثادق 717,lands_moh_land,2022-06-30,no entry,land,6513,"25.652161,46.365477"
project_586,خميس مشيط,KHAMIS MUSHAYT,عسير,'Asir,1,13,0,0,لا يوجد مدخل,706.676121,1,0.0,376.749647,1,0.0,مخطط درة الخميس - خميس مشيط,lands_moh_land,2022-01-20,no entry,land,1954413,"18.425191,42.715984"
project_595,بئر خباش,BIR KHUBASH,نجران,Najran,0,0,0,1,لا يوجد مدخل,550.0,1,0.0,475.0,1,0.0,مخطط أزهار الوفاء - خباش,lands_moh_land,2022-01-20,no entry,land,272842,"17.522757,44.679211"
project_602,صبيا,SABYA,جازان,Jizan,1,4,0,0,لا يوجد مدخل,612.5,1,0.0,411.6,1,0.0,مخطط روضة نخلان - صبيا,lands_moh_land,2022-01-20,no entry,land,1327905,"17.21360696,42.62261421"
project_5,الرياض,AR RIYADH,الرياض,Riyadh,0,0,0,1,الشركة الوطنية للإسكان,317.5,6,1674180.0,133.0,2,299250.0,مرسية - الرياض,offplan_moh_land,2022-01-06,under_construction,apartment,402475,"24.953067,46.627008"
project_15,ابها,ABHA,عسير,'Asir,1,48,0,1,علي شار,500.0,5,1594448.0,250.0,3,577000.0,تلال أبها - أبها,offplan_moh_land,2022-01-06,under_construction,townhouse,82119,"18.286109,42.513347"
project_60,القطيف,AL QATIF,المنطقة الشرقية,Eastern Province,0,0,0,1,الرائم للمقاولات,213.0,4,410753.0,213.0,4,410753.0,القطيف البدراني -  القطيف,offplan_moh_land,2022-01-06,under_construction,apartment,7066,"26.526407,49.972012"
project_130,الخبر,AL KHUBAR,المنطقة الشرقية,Eastern Province,0,0,0,1,دار واعمار للاستثمار والتطوير العقاري,319.66,4,1025000.0,200.12,4,744000.0,سرايا الغروب  - الخبر,offplan_private_land,2022-01-06,under_construction,villa,4713,"26.199053,50.184197"
project_375,الدمام,AD DAMMAM,المنطقة الشرقية,Eastern Province,0,0,0,1,الرائم للمقاولات,203.0,3,690200.0,133.0,2,472150.0,عوالي الظهران - الدمام,offplan_private_land,2022-01-06,under_construction,apartment,3278,"26.350694,50.096472"
project_355,جدة,JEDDAH,مكة المكرمة,Makkah,1,124,0,1,شركة الأثير للتطوير والاستثمار العقاري,313.74,4,1087940.0,122.13,2,386587.0,أبحر بارك - جدة,offplan_private_land,2022-01-06,under_construction,apartment,77380,"21.801902,39.046379"
project_381,الرياض,AR RIYADH,الرياض,Riyadh,0,0,0,1,دار واعمار للاستثمار والتطوير العقاري,275.4,4,1026235.0,200.1,4,721458.0,سرايا النرجس - الرياض,offplan_moh_land,2022-01-06,under_construction,townhouse,27286,"24.892575,46.644663"
project_729,الدوادمي,AD DUWADIMI,الرياض,Riyadh,1,65,0,1,لا يوجد مدخل,736.0,1,0.0,595.5,1,0.0,مخطط أ/ 228,lands_moh_land,2022-06-30,no entry,land,4290,"24.545152,43.902027"
project_588,الطائف,AT TAIF,مكة المكرمة,Makkah,1,25,0,1,شركة الفاف للتطوير العقاري,756.35,4,1241932.0,282.4068,4,846800.0,تاج المصيف - الطائف,offplan_private_land,2022-01-06,under_construction,villa,24015,"21.463467,40.440576"
project_628,الرياض,AR RIYADH,الرياض,Riyadh,0,0,0,1,عبدالرحمن الراشد وأولاده,485.935,5,1421510.0,200.0,4,662429.0,النرجس فيو - الرياض,offplan_moh_land,2022-01-06,under_construction,townhouse,37327,"24.926167,46.639694"
project_629,الرياض,AR RIYADH,الرياض,Riyadh,0,0,0,1,رتال,418.0,4,1036220.0,248.5,4,732791.0,نساج تاون - الرياض,offplan_moh_land,2022-01-06,under_construction,villa,32893,"24.931846,46.645391"
project_630,الرياض,AR RIYADH,الرياض,Riyadh,0,0,0,1,دار واعمار للاستثمار والتطوير العقاري,375.0,5,1163491.0,250.0,4,682221.0,سرايا الجوان - الرياض,offplan_moh_land,2022-01-06,under_construction,villa,36251,"24.940556,46.638722"
project_649,جدة,JEDDAH,مكة المكرمة,Makkah,0,0,0,1,شركة الأولى لتطوير العقارات,305.02,4,1303527.0,250.0,4,844900.0,المهندية - جدة,offplan_moh_land,2022-01-06,under_construction,villa,30864,"21.768167,39.184389"
project_648,الرياض,AR RIYADH,الرياض,Riyadh,0,0,0,1,ثبات المسكن العقارية,400.0,5,1480676.0,240.0,4,642125.0,المهندية - الرياض,offplan_moh_land,2022-01-06,under_construction,villa,12040,"24.9473889,46.6406667"
project_650,جدة,JEDDAH,مكة المكرمة,Makkah,1,121,0,1,مكيون مطورون عمرانيون,263.75,4,832821.0,169.43,2,458641.0,سما جدة - جدة,offplan_moh_land,2022-01-06,under_construction,apartment,46963,"21.767833,39.182528"
project_666,جدة,JEDDAH,مكة المكرمة,Makkah,0,0,0,1,شركة سمو العقارية مساهمة مدرجة,337.6,6,1224806.0,200.0,3,667115.0,دار سمو - جدة,offplan_moh_land,2022-01-06,under_construction,townhouse,26138,"21.77639,39.18715"
project_998,جدة,JEDDAH,مكة المكرمة,Makkah,1,2,0,1,شركة درة الذهبية للتطوير العقاري,230.0,6,760000.0,230.0,6,760000.0,درة الذهبية 25 - جدة,readymade_private_land,2022-01-06,construction_completed,apartment,5708,"21.552528,39.283778"
project_999,جدة,JEDDAH,مكة المكرمة,Makkah,1,2,0,1,شركة درة الذهبية للتطوير العقاري,217.0,6,730000.0,217.0,6,730000.0,درة الذهبية 27 - جدة,readymade_private_land,2022-01-06,construction_completed,apartment,13038,"21.539222,39.295556"
project_974,قرية (قرية العليا),QARYAT AL 'ULYA,المنطقة الشرقية,Eastern Province,1,86,0,1,لا يوجد مدخل,1460.59,1,0.0,424.05,1,0.0,مخطط 119/20 - قرية العليا,lands_moh_land,2022-06-30,no entry,land,8083,"27.549589,47.726099"
project_971,الرياض,AR RIYADH,الرياض,Riyadh,1,10,0,1,شركة مرسى البحار للمقاولات العامة,199.48,5,731250.0,153.1,4,542848.0,مارينا ريزدينس - الرياض,offplan_private_land,2021-12-19,under_construction,apartment,46439,"24.562336,46.569412"
project_997,جدة,JEDDAH,مكة المكرمة,Makkah,0,0,0,1,شركة أفاق الذهبية المحدودة,195.0,3,790000.0,184.8,3,590000.0,جواهر الواحة - جدة,offplan_private_land,2021-12-16,under_construction,apartment,10628,"21.571694,39.249639"
project_991,جدة,JEDDAH,مكة المكرمة,Makkah,1,1,0,1,شركة عراب التمليك للتطوير العقاري,215.0,2,650000.0,107.5,2,400000.0,عراب التمليك 101 - 102  - جدة,offplan_private_land,2021-12-06,under_construction,apartment,12730,"21.701096,39.209686"
project_995,الرياض,AR RIYADH,الرياض,Riyadh,0,0,0,1,شركة ساطعة التعمير للتطوير والاستثمار العقاري,520.0,5,2173556.0,300.0,4,795000.0,أكنان الشرق - الرياض,offplan_private_land,2021-12-05,under_construction,villa,25824,"24.92675,46.878028"
project_390,الرين,AR RAYN,الرياض,Riyadh,1,40,0,1,لا يوجد مدخل,826.79,1,0.0,431.33,1,0.0,مخطط مركز شلاح - الرين,lands_moh_land,2021-11-17,no entry,land,20037,"23.363929,45.387554"
project_376,الدمام,AD DAMMAM,المنطقة الشرقية,Eastern Province,1,63,0,1,شركة تمكين للاستثمار و التطوير العقارى,190.76,4,546553.0,129.67,2,309911.0,نعمى - الدمام,offplan_moh_land,2021-11-16,under_construction,apartment,20188,"26.346025,49.9764004"
project_580,الخرج,AL KHARJ,الرياض,Riyadh,1,10,0,1,فرع شركة خطى الخير للتشغيل والصيانة,526.006,4,1018813.0,274.59,3,767166.0,الدانة الغربي - الخرج,offplan_private_land,2021-11-16,under_construction,villa,10157,"24.1630454,47.259627"
project_587,جدة,JEDDAH,مكة المكرمة,Makkah,1,11,0,1,شركة الحناكي للتطوير العقاري,216.0,3,832464.0,196.0,3,665028.0,جدة قاردنز - جدة -  شركة الحناكي,offplan_private_land,2021-11-16,under_construction,apartment,14432,"21.500848,39.203381"
project_690,الخبر,AL KHUBAR,المنطقة الشرقية,Eastern Province,0,0,0,1,رتال,1061.0,5,4422149.0,525.0,4,2612662.0,أيالا النخيل - الخبر,offplan_private_land,2021-11-16,under_construction,villa,5407,"26.3659423,50.226498817"
project_702,الرياض,AR RIYADH,الرياض,Riyadh,0,0,0,1,شركة فيصل عبدالله بن سعيدان للاستثمار والتطويرالعقاري,162.9,3,733050.0,127.5,3,599250.0,اشبيليا - الرياض,offplan_private_land,2021-11-16,under_construction,apartment,6493,"24.7949459,46.802454717"
project_980,قرية (قرية العليا),QARYAT AL 'ULYA,المنطقة الشرقية,Eastern Province,1,173,0,1,لا يوجد مدخل,750.0,1,0.0,600.0,1,0.0,مخطط البويبيات - 47/18,lands_moh_land,2022-06-30,no entry,land,2306,"26.866979,47.119182"
project_709,المبرز,AL MUBARRAZ,المنطقة الشرقية,Eastern Province,1,1,0,1,شركة مساكن أفياء للتطوير والاستثمار العقاري,401.86,5,1440000.0,226.35,5,1170000.0,أفياء السكني - الشرقية,offplan_private_land,2021-11-16,under_construction,villa,7063,"25.449809,49.651795"
project_706,الرياض,AR RIYADH,الرياض,Riyadh,0,0,0,0,شركة محمد عبدالعزيز الحبيب وشركاؤه للاستثمار العقاري,438.0,4,1789477.0,249.5,4,985554.0,أصالة الجوان - الرياض,offplan_moh_land,2021-11-16,under_construction,townhouse,22374,"24.9225062,46.6441167858"
project_708,جدة,JEDDAH,مكة المكرمة,Makkah,1,1,0,1,شركة دور العقارية للعقارات المحدودة,220.5,3,750000.0,206.0,3,699000.0,الاندلسية - جدة,offplan_private_land,2021-11-16,under_construction,apartment,26124,"21.744222,39.202333"
project_722,جدة,JEDDAH,مكة المكرمة,Makkah,0,0,0,1,مؤسسة لؤلؤة فرسان,333.5,7,2100000.0,287.5,5,1800000.0,لؤلؤة الفرسان - جدة,offplan_private_land,2021-11-16,under_construction,villa,8337,"21.798018,39.097141"
project_725,المدينة المنورة,AL MADINAH AL MUNAWWARAH,المدينة المنورة,Madinah,1,5,0,0,شركة دور العقارية للعقارات المحدودة,324.0,5,1025000.0,125.5,3,425000.0,زاهية - المدينة المنورة,offplan_private_land,2021-11-16,under_construction,apartment,28797,"24.518015,39.688552"
project_968,مكة المكرمة,MAKKAH AL MUKARRAMAH,مكة المكرمة,Makkah,1,26,0,1,شركة ساطعة التعمير للتطوير والاستثمار العقاري,219.0,4,1930470.0,104.0,2,674800.0,أكنان العوالي - مكة المكرمة,offplan_private_land,2021-11-16,under_construction,apartment,17171,"21.347889,39.903389"
project_47,الخبر,AL KHUBAR,المنطقة الشرقية,Eastern Province,1,28,0,1,الرائم للمقاولات,181.0,3,900000.0,145.0,3,530000.0,الشروق - الخبر,offplan_private_land,2021-11-15,under_construction,apartment,10937,"26.219611,50.204833"
project_975,الرياض,AR RIYADH,الرياض,Riyadh,1,96,0,1,شركة فيصل عبدالله بن سعيدان للاستثمار والتطويرالعقاري,289.86,4,716800.0,109.74,1,417012.0,نزل الحزم - الرياض,offplan_private_land,2021-11-15,under_construction,apartment,29003,"24.531389,46.635111"
project_970,الرياض,AR RIYADH,الرياض,Riyadh,0,0,0,1,شركة جود العمارة للتطوير والاستثمار العقاري,216.66,4,1650000.0,204.94,4,950000.0,نزل فاتن - الرياض,offplan_private_land,2021-11-11,under_construction,apartment,11723,"24.806442,46.626184"
project_712,الدمام,AD DAMMAM,المنطقة الشرقية,Eastern Province,1,41,0,1,شركة روض الخزامى للتطوير العقاري,339.0,5,1440000.0,204.0,4,880000.0,برج روض الخزامى السكني - الدمام,readymade_private_land,2021-11-02,construction_completed,apartment,4681,"26.359721,50.098023"
project_983,الدوادمي,AD DUWADIMI,الرياض,Riyadh,1,54,0,1,لا يوجد مدخل,674.273507364059,1,0.0,586.538541633058,1,0.0,مخطط الصالحية - 130,lands_moh_land,2022-06-30,no entry,land,2579,"24.606367,43.601602"
project_969,المدينة المنورة,AL MADINAH AL MUNAWWARAH,المدينة المنورة,Madinah,1,10,0,1,شركة راج العقارية,217.0,4,729000.0,119.5,2,355000.0,مساكن الروضة - المدينة المنورة,offplan_private_land,2021-11-01,under_construction,apartment,18646,"24.48824,39.619506"
project_101,حائل,HAIL,حائل,Ha'il,0,0,0,0,وزارة الإسكان,886.55,3,371500.0,420.0,3,371500.0,إسكان حائل - حائل,readymade_moh_land,2021-10-28,construction_completed,villa,8706,"0.0,0.0"
project_694,مدينة الملك عبدالله الاقتصادية,King Abdullah Economic City,مكة المكرمة,Makkah,1,34,0,1,شركة اعمار المدينة الاقتصادية,283.6,3,2960209.0,60.17,1,456683.0,مدينة الملك عبدالله الاقتصادية - البيلسان,readymade_private_land,2021-10-28,construction_completed,apartment,2403,"22.4104852,39.08236421802"
project_697,مدينة الملك عبدالله الاقتصادية,King Abdullah Economic City,مكة المكرمة,Makkah,1,4,4,0,شركة اعمار المدينة الاقتصادية,966.87,5,2611072.0,407.69,3,1422176.25,مدينة الملك عبدالله الاقتصادية - التالة جاردنز 1.3,readymade_private_land,2021-10-28,construction_completed,villa,8886,"22.4420678,39.1131563901"
project_695,مدينة الملك عبدالله الاقتصادية,King Abdullah Economic City,مكة المكرمة,Makkah,1,343,0,1,شركة اعمار المدينة الاقتصادية,1267.31,1,1599680.0,427.4,1,494908.0,مدينة الملك عبدالله الاقتصادية - المروج,lands_private_land,2021-10-28,no entry,land,35880,"22.4499049,39.0975643901"
project_700,مدينة الملك عبدالله الاقتصادية,King Abdullah Economic City,مكة المكرمة,Makkah,1,9,9,0,شركة اعمار المدينة الاقتصادية,323.6,4,1294077.2,69.5,1,421192.85,مدينة الملك عبدالله الاقتصادية - الواحة,readymade_private_land,2021-10-28,construction_completed,apartment,12638,"22.4611687,39.1064594901"
project_696,مدينة الملك عبدالله الاقتصادية,King Abdullah Economic City,مكة المكرمة,Makkah,1,89,89,0,شركة اعمار المدينة الاقتصادية,163.2,4,693628.0,62.14,1,279660.0,مدينة الملك عبدالله الاقتصادية - الشروق,readymade_private_land,2021-10-28,construction_completed,apartment,2582,"22.4915935,39.1059594901"
project_698,مدينة الملك عبدالله الاقتصادية,King Abdullah Economic City,مكة المكرمة,Makkah,1,230,0,1,شركة اعمار المدينة الاقتصادية,793.9,1,621428.0,280.0,1,265650.0,مدينة الملك عبدالله الاقتصادية - التالة جاردنز,lands_private_land,2021-10-28,no entry,land,35390,"0.0,22.442067839"
project_732,جدة,JEDDAH,مكة المكرمة,Makkah,1,9,0,1,سعيد مسفر الغامدي للتطوير العقاري,345.0,7,2200000.0,345.0,7,2200000.0,نجمة الصفوة - جدة,readymade_private_land,2021-10-28,construction_completed,villa,36902,"21.760861,39.09375"
project_106,جدة,JEDDAH,مكة المكرمة,Makkah,1,14,0,1,سندس العقارية,199.6,3,858280.0,134.8,2,403052.0,أبراج بوابة التحلية - جدة,offplan_private_land,2021-10-27,under_construction,apartment,33337,"21.576123,39.239075"
project_986,القويعية,QUWAY'IYAH,الرياض,Riyadh,1,127,0,1,لا يوجد مدخل,547.56,1,0.0,340.0,1,0.0,مخطط 139 القويعية,lands_moh_land,2022-06-30,no entry,land,6091,"23.476689,44.373787"
project_710,الرياض,AR RIYADH,الرياض,Riyadh,0,0,0,1,شركة الأشغال العقارية,150.08,3,795000.0,27.5548,2,490000.0,هبيتات - الرياض,offplan_private_land,2021-10-27,under_construction,apartment,16280,"24.813338,46.7861705"
project_667,خميس مشيط,KHAMIS MUSHAYT,عسير,'Asir,1,167,0,1,عبدالرحمن الراشد وأولاده,569.725,5,901004.0,262.08,4,609909.0,خميس فيو - خميس مشيط,offplan_moh_land,2021-10-17,under_construction,villa,39941,"18.350852,42.746197"
project_713,الدمام,AD DAMMAM,المنطقة الشرقية,Eastern Province,0,0,0,0,الشركة الوطنية للإسكان,874.91,1,1992170.07,673.07,1,1462917.64,أرض الراجحي - الدمام,lands_private_land,2021-10-13,no entry,land,12160,"26.373444,50.105694"
project_724,المدينة المنورة,AL MADINAH AL MUNAWWARAH,المدينة المنورة,Madinah,1,3,0,0,شركة دور العقارية للعقارات المحدودة,299.4,4,1050000.0,186.5,3,675000.0,جنان السكني - المدينة المنورة,offplan_private_land,2021-09-30,under_construction,apartment,25278,"24.423694,39.688056"
project_723,المدينة المنورة,AL MADINAH AL MUNAWWARAH,المدينة المنورة,Madinah,1,1,1,0,شركة دور العقارية للعقارات المحدودة,330.0,4,999000.0,283.0,4,799000.0,أنوار السكني - المدينة المنورة,offplan_private_land,2021-09-30,under_construction,apartment,18789,"24.539033,39.683141"
project_688,المدينة المنورة,AL MADINAH AL MUNAWWARAH,المدينة المنورة,Madinah,1,377,377,0,شركة قواعد الانماء للإنشاء والتطوير,1346.48,1,1855986.0,210.0,1,262500.0,مخطط الاندلس - المدينة المنورة,lands_private_land,2021-09-14,no entry,land,137156,"24.382954,39.670739"
project_689,الدمام,AD DAMMAM,المنطقة الشرقية,Eastern Province,1,31,0,1,الرائم للمقاولات,182.0,3,819000.0,153.0,3,604350.0,الفاخرية - الدمام,offplan_private_land,2021-08-31,under_construction,apartment,8995,"26.3490285,50.093921317"
project_707,الخبر,AL KHUBAR,المنطقة الشرقية,Eastern Province,1,1,0,1,شركة سكنا للتطوير العقاري,161.0,3,685000.0,90.0,2,465000.0,مجمع أريس السكني - الدمام,offplan_private_land,2021-08-31,under_construction,apartment,11090,"26.227053,50.204482"
project_135,الشملي,ASH SHAMLI,حائل,Ha'il,0,0,0,1,لا يوجد مدخل,585.397,1,0.0,469.335,1,0.0,مخطط الشملي,lands_moh_land,2021-08-27,no entry,land,1943,"26.875936,40.332131"
project_143,النعيرية,AN NU'AYRIYAH,المنطقة الشرقية,Eastern Province,0,0,0,1,لا يوجد مدخل,568.23,1,0.0,450.0,1,0.0,مشروع  أنوار الخليج - النعيرية,lands_moh_land,2021-08-27,no entry,land,140397,"27.463522,48.535558"
project_982,بقعاء,BAQ'A,حائل,Ha'il,1,2,0,1,لا يوجد مدخل,1155.0,1,0.0,884.1,1,0.0,مخطط الشعلانية  357/3,lands_moh_land,2022-06-30,no entry,land,1988,"27.72325,42.531835"
project_147,رماح,RUMAH,الرياض,Riyadh,0,0,0,1,لا يوجد مدخل,500.0,1,0.0,495.0,1,0.0,مشروع إسكان رماح,lands_moh_land,2021-08-27,no entry,land,13768,"25.515164,47.190506"
project_140,شرورة,SHARURAH,نجران,Najran,1,8,8,0,لا يوجد مدخل,553.0,1,0.0,400.0,1,0.0,مخطط النزهة - شرورة,lands_moh_land,2021-08-27,no entry,land,106802,"17.477711,47.06493"
project_156,احد رفيده,AHAD RIFAYDAH,عسير,'Asir,0,0,0,1,لا يوجد مدخل,400.0,1,0.0,400.0,1,0.0,مشروع  نسيم الجبل - أحد رفيدة,lands_moh_land,2021-08-27,no entry,land,105087,"18.143111,42.846972"
project_154,الليث,AL LITH,مكة المكرمة,Makkah,1,5,5,0,لا يوجد مدخل,502.001211745,1,0.0,500.998535562,1,0.0,الليث,lands_moh_land,2021-08-27,no entry,land,70623,"20.158545,40.265307"
project_157,بيش,BAYSH,جازان,Jizan,0,0,0,1,لا يوجد مدخل,536.25,1,0.0,487.5,1,0.0,بيش 83,lands_moh_land,2021-08-27,no entry,land,37996,"17.378554,42.448969"
project_161,يدمة,YADAMAH,نجران,Najran,0,0,0,1,لا يوجد مدخل,711.0,1,0.0,456.06,1,0.0,مخطط أصيل اللجام - يدمة,lands_moh_land,2021-08-27,no entry,land,11885,"18.558944,44.192556"
project_164,الطائف,AT TAIF,مكة المكرمة,Makkah,0,0,0,1,لا يوجد مدخل,450.0,1,0.0,450.0,1,0.0,وادي جليل,lands_moh_land,2021-08-27,no entry,land,8162881,"21.37055,40.620688"
project_158,بيشه (بيشه),BISHAH,عسير,'Asir,0,0,0,1,لا يوجد مدخل,550.41,1,0.0,450.0,1,0.0,مشروع الزهور - بيشة,lands_moh_land,2021-08-27,no entry,land,11859,"19.950418,42.599198"
project_165,الخفجي,AL KHAFJI,المنطقة الشرقية,Eastern Province,1,4,0,0,لا يوجد مدخل,633.12,1,0.0,423.41,1,0.0,مشروع جوهرة الخفجي,lands_moh_land,2021-08-27,no entry,land,378600,"28.431806,48.435944"
project_166,وادي الدواسر,WADI AD DAWASIR,الرياض,Riyadh,1,7,7,0,لا يوجد مدخل,500.0,1,0.0,500.0,1,0.0,مشروع منتزه الوادي - وادي الدواسر,lands_moh_land,2021-08-27,no entry,land,86729,"20.415434,44.918593"
project_981,قرية (قرية العليا),QARYAT AL 'ULYA,المنطقة الشرقية,Eastern Province,1,183,0,1,لا يوجد مدخل,1246.97,1,0.0,575.49,1,0.0,مخطط ش.ع 172 الرفاع,lands_moh_land,2022-06-30,no entry,land,1751,"27.101857,47.015506"
project_172,بيش,BAYSH,جازان,Jizan,0,0,0,1,لا يوجد مدخل,686.69,1,0.0,489.6,1,0.0,مخطط لؤلؤة الشاطئ,lands_moh_land,2021-08-27,no entry,land,53301,"17.375429,42.424493"
project_170,بقعاء,BAQ'A,حائل,Ha'il,1,88,88,0,لا يوجد مدخل,1107.199124,1,0.0,472.088256,1,0.0,موقع بقعاء 2,lands_moh_land,2021-08-27,no entry,land,9124,"27.849254,42.455576"
project_173,فرسان,FARASAN,جازان,Jizan,0,0,0,1,لا يوجد مدخل,531.0,1,0.0,480.0,1,0.0,مشروع  شاطئ فرسان,lands_moh_land,2021-08-27,no entry,land,22104,"16.69472,42.103619"
project_191,المجمعة,AL MAJMA'AH,الرياض,Riyadh,0,0,0,1,لا يوجد مدخل,529.765,1,0.0,475.0,1,0.0,مشروع الملتقى - المجمعة,lands_moh_land,2021-08-27,no entry,land,1196621,"25.8865,45.39775"
project_193,السليمي,AS SULAYMI,حائل,Ha'il,0,0,0,1,لا يوجد مدخل,584.586,1,0.0,491.252,1,0.0,مشروع الروابي - حائل,lands_moh_land,2021-08-27,no entry,land,4270,"26.278117,41.373561"
project_187,بيشه (بيشه),BISHAH,عسير,'Asir,0,0,0,1,لا يوجد مدخل,660.854774125715,1,0.0,437.498691985375,1,0.0,مشروع  نسيم الريان - بيشة,lands_moh_land,2021-08-27,no entry,land,10204,"20.00213,42.690259"
project_194,عنيزة,UNAYZAH,القصيم,Qassim,0,0,0,1,لا يوجد مدخل,600.0,1,0.0,230.0,1,0.0,مخطط العوشزية,lands_moh_land,2021-08-27,no entry,land,97645,"26.055917,44.102333"
project_185,بيشه (بيشه),BISHAH,عسير,'Asir,0,0,0,1,لا يوجد مدخل,911.497724,1,0.0,626.481789,1,0.0,مشروع  لؤلؤة الريان - بيشة,lands_moh_land,2021-08-27,no entry,land,19428,"19.993763,42.683601"
project_188,السليل,AS SULAYYIL,الرياض,Riyadh,0,0,0,1,لا يوجد مدخل,661.0,1,0.0,400.0,1,0.0,مشروع  بساتين السليل,lands_moh_land,2021-08-27,no entry,land,16444,"20.488854,45.567513"
project_196,عيون الجواء,UYUN AL JAWA',القصيم,Qassim,0,0,0,1,لا يوجد مدخل,1125.001779,1,0.0,479.998284,1,0.0,مشروع درة العيون - عيون الجواء,lands_moh_land,2021-08-27,no entry,land,518030,"26.472374,43.643891"
project_1029,القطيف,AL QATIF,المنطقة الشرقية,Eastern Province,0,0,0,1,رتال,421.0,4,1518503.0,250.0,4,1175722.0,نساج تاون صفوى - القطيف,offplan_moh_land,2022-08-28,under_construction,villa,276227,"26.648333,50.004139"
project_985,الطائف,AT TAIF,مكة المكرمة,Makkah,0,0,0,1,لا يوجد مدخل,1224.75043038715,1,0.0,599.877761807168,1,0.0,مخطط 1082,lands_moh_land,2022-06-30,no entry,land,279765,"22.489212,40.438325"
project_198,بيشه (بيشه),BISHAH,عسير,'Asir,0,0,0,1,لا يوجد مدخل,993.011933,1,0.0,599.998065,1,0.0,مخطط زهور الريان,lands_moh_land,2021-08-27,no entry,land,47534,"19.989785,42.697259"
project_197,بيشه (بيشه),BISHAH,عسير,'Asir,1,3,3,0,لا يوجد مدخل,667.499409379795,1,0.0,408.405732775781,1,0.0,مخطط روضة الريان,lands_moh_land,2021-08-27,no entry,land,32452,"19.998965,42.701115"
project_199,رفحاء,RAFHA',الحدود الشمالية,Northern Borders,0,0,0,0,لا يوجد مدخل,666.0,1,0.0,480.0,1,0.0,مشروع الضاحية 1 - رفحاء,lands_moh_land,2021-08-27,no entry,land,196593,"29.591932,43.571798"
project_201,عفيف,AFIF,الرياض,Riyadh,0,0,0,1,لا يوجد مدخل,720.0,1,0.0,582.0,1,0.0,مشروع واحات عفيف,lands_moh_land,2021-08-27,no entry,land,35003,"23.881301,42.920256"
project_208,الأسياح,AL ASYAH,القصيم,Qassim,0,0,0,1,لا يوجد مدخل,553.0853,1,0.0,500.0,1,0.0,مشروع ربوع الأسياح,lands_moh_land,2021-08-27,no entry,land,10762,"26.751091,44.180284"
project_221,بيشه (بيشه),BISHAH,عسير,'Asir,1,8,8,0,لا يوجد مدخل,581.904,1,0.0,440.315,1,0.0,بيشة 404,lands_moh_land,2021-08-27,no entry,land,71841,"19.980224,42.693603"
project_213,طبرجل,TUBARJAL,الجوف,Jawf,1,2,2,0,لا يوجد مدخل,591.66,1,0.0,447.93,1,0.0,ينبوع طبرجل,lands_moh_land,2021-08-27,no entry,land,11188,"30.434211,38.374053"
project_215,الغاط,AL GHAT,الرياض,Riyadh,0,0,0,1,لا يوجد مدخل,550.0,1,0.0,494.8601,1,0.0,مشروع  رمال الغاط,lands_moh_land,2021-08-27,no entry,land,6160,"26.048902,44.989457"
project_224,دومة الجندل,DAWMAT AL JANDAL,الجوف,Jawf,0,0,0,1,لا يوجد مدخل,514.63,1,0.0,480.0,1,0.0,مخطط منازل دومة الجندل,lands_moh_land,2021-08-27,no entry,land,52147,"29.821317,39.83236"
project_226,الخرمة,AL KHURMAH,مكة المكرمة,Makkah,0,1,0,1,لا يوجد مدخل,502.000000031,1,0.0,500.999999971,1,0.0,مخطط الدغمية,lands_moh_land,2021-08-27,no entry,land,14863,"21.967066,42.039514"
project_990,حفر الباطن,HAFAR AL BATIN,المنطقة الشرقية,Eastern Province,1,135,0,1,لا يوجد مدخل,930.0,1,0.0,500.0,1,0.0,مخطط النظيم - 3/ح/د/1407,lands_moh_land,2022-06-30,no entry,land,4854,"28.651999,45.233108"
project_230,الرين,AR RAYN,الرياض,Riyadh,1,48,0,1,لا يوجد مدخل,794.662854,1,0.0,395.323187,1,0.0,مشروع  سمر الرين - العفج,lands_moh_land,2021-08-27,no entry,land,6189,"23.574927,45.612205"
project_222,فرسان,FARASAN,جازان,Jizan,0,0,0,1,لا يوجد مدخل,511.25,1,0.0,483.81,1,0.0,مشروع لؤلؤ فرسان,lands_moh_land,2021-08-27,no entry,land,18500,"16.703102,42.070706"
project_239,حائل,HAIL,حائل,Ha'il,0,0,0,0,لا يوجد مدخل,1000.0,1,168592.8,400.0,1,0.0,مشروع  المدائن - حائل,lands_moh_land,2021-08-27,no entry,land,1029381,"27.392652,41.716639"
project_235,العويقلية,AL UWAYQILAH,الحدود الشمالية,Northern Borders,0,0,0,1,لا يوجد مدخل,483.0,1,0.0,435.999,1,0.0,مشروع المصيف - العويقلية,lands_moh_land,2021-08-27,no entry,land,4352,"30.360692,42.257466"
project_244,المدينة المنورة,AL MADINAH AL MUNAWWARAH,المدينة المنورة,Madinah,0,0,0,1,لا يوجد مدخل,550.000000006,1,150000.0000006,499.0,1,0.0,مشروع الياسمين - المدينة المنورة,lands_moh_land,2021-08-27,no entry,land,4505278,"24.606304,39.692125"
project_240,رياض الخبراء,RIYAD AL KHABRA,القصيم,Qassim,0,0,0,1,لا يوجد مدخل,513.003698,1,0.0,495.493575,1,0.0,مشروع جنان الخبراء - رياض الخبراء,lands_moh_land,2021-08-27,no entry,land,43504,"26.109947,43.615067"
project_242,الخرج,AL KHARJ,الرياض,Riyadh,1,13,13,0,لا يوجد مدخل,622.366,1,0.0,371.137,1,0.0,مشروع اسكان الخرج,lands_moh_land,2021-08-27,no entry,land,524713,"24.066848,47.299058"
project_380,حوطة بني تميم,HAWTAT BANI TAMIM,الرياض,Riyadh,0,0,0,1,لا يوجد مدخل,2000.0,1,0.0,525.0,1,0.0,مشروع الحلوة - حوطة بني تميم,lands_moh_land,2021-08-27,no entry,land,11477,"23.409134,46.805936"
project_382,بقعاء,BAQ'A,حائل,Ha'il,0,0,0,1,لا يوجد مدخل,1155.0,1,0.0,892.0,1,0.0,مشروع كنب الثنيان - حائل,lands_moh_land,2021-08-27,no entry,land,1383,"27.864388,42.105281"
project_379,الطائف,AT TAIF,مكة المكرمة,Makkah,0,0,0,1,لا يوجد مدخل,508.366740955,1,0.0,400.0,1,0.0,مشروع  واحة الميقات - الطائف,lands_moh_land,2021-08-27,no entry,land,2259210,"21.637815,40.390686"
project_993,حفر الباطن,HAFAR AL BATIN,المنطقة الشرقية,Eastern Province,1,226,0,1,لا يوجد مدخل,937.0,1,0.0,380.0,1,0.0,مخطط أم قليب-54/ح/1410,lands_moh_land,2022-06-30,no entry,land,1728,"27.840814,45.982396"
project_384,بقعاء,BAQ'A,حائل,Ha'il,1,59,0,1,لا يوجد مدخل,500.0,1,0.0,380.0,1,0.0,مشروع القليبة - حائل,lands_moh_land,2021-08-27,no entry,land,4637,"28.036816,42.318835"
project_385,بقعاء,BAQ'A,حائل,Ha'il,1,16,0,1,لا يوجد مدخل,1147.0,1,0.0,892.0,1,0.0,مشروع الجثياثه - حائل,lands_moh_land,2021-08-27,no entry,land,3364,"27.714253,42.627986"
project_396,الشملي,ASH SHAMLI,حائل,Ha'il,0,0,0,1,لا يوجد مدخل,900.0,1,0.0,400.0,1,0.0,مشروع لؤلؤة الشملي - الشملي,lands_moh_land,2021-08-27,no entry,land,1489,"26.872334,40.347383"
project_392,تثليث,TATILITH,عسير,'Asir,0,0,0,1,لا يوجد مدخل,941.704,1,0.0,561.91,1,0.0,مشروع تثليث - عسير,lands_moh_land,2021-08-27,no entry,land,17958,"19.519431,43.599588"
project_391,الرين,AR RAYN,الرياض,Riyadh,1,205,0,1,لا يوجد مدخل,895.54,1,0.0,394.89,1,0.0,مخطط العمق - الرين,lands_moh_land,2021-08-27,no entry,land,4027,"23.232996,45.552931"
project_399,الشماسية,ASH SHIMASIYAH,القصيم,Qassim,0,0,0,1,لا يوجد مدخل,672.0,1,0.0,435.0,1,0.0,مشروع اسكان الشماسية,lands_moh_land,2021-08-27,no entry,land,1030,"26.309725,44.236389"
project_401,الزلفي,AZ ZULFI,الرياض,Riyadh,0,0,0,1,لا يوجد مدخل,525.645,1,0.0,467.443,1,0.0,مشروع اسكان الزلفي,lands_moh_land,2021-08-27,no entry,land,5595,"26.307711,44.917194"
project_405,ثادق,THADIQ,الرياض,Riyadh,0,0,0,1,لا يوجد مدخل,500.0,1,0.0,500.0,1,0.0,مشروع إسكان ثادق,lands_moh_land,2021-08-27,no entry,land,3330,"25.224641,45.862198"
project_414,عيون الجواء,UYUN AL JAWA',القصيم,Qassim,1,1,0,0,لا يوجد مدخل,550.0,1,0.0,500.0,1,0.0,مشروع إسكان عيون الجواء,lands_moh_land,2021-08-27,no entry,land,84341,"26.492416,43.619825"
project_412,شقراء,SHAQRA',الرياض,Riyadh,0,0,0,1,لا يوجد مدخل,509.69,1,0.0,478.61,1,0.0,مشروع إسكان شقراء,lands_moh_land,2021-08-27,no entry,land,29330,"25.248548,45.219565"
project_1025,الرياض,AR RIYADH,الرياض,Riyadh,1,0,0,1,شركة تلال العقارية,400.0,3,1894504.0,250.0,3,1359105.0,بيوت تلال - الرياض,offplan_moh_land,2022-06-23,under_construction,villa,176919,"24.896709,46.645818"
project_406,بقيق,BUQAYQ,المنطقة الشرقية,Eastern Province,0,0,0,1,لا يوجد مدخل,760.35,1,0.0,499.992,1,0.0,مشروع زهرة الدغيمية,lands_moh_land,2021-08-27,no entry,land,8113,"25.871382,49.603958"
project_425,الشنان,ASH SHINAN,حائل,Ha'il,1,50,0,1,لا يوجد مدخل,1155.0,1,0.0,892.0,1,0.0,مشروع الأرشاوية - الشنان,lands_moh_land,2021-08-27,no entry,land,2348,"27.432444,42.476111"
project_421,بقعاء,BAQ'A,حائل,Ha'il,1,1,0,1,لا يوجد مدخل,1120.0,1,0.0,892.0,1,0.0,مخطط المندسة,lands_moh_land,2021-08-27,no entry,land,3592,"27.9815,42.001083"
project_423,بقيق,BUQAYQ,المنطقة الشرقية,Eastern Province,0,0,0,1,لا يوجد مدخل,900.0,1,0.0,570.5,1,0.0,هجرة الثمامة,lands_moh_land,2021-08-27,no entry,land,20877,"25.970639,49.551722"
project_420,مرات,MARAT,الرياض,Riyadh,0,0,0,1,لا يوجد مدخل,630.0,1,0.0,600.0,1,0.0,مرات 1180,lands_moh_land,2021-08-27,no entry,land,8474,"24.500583,45.379444"
project_419,مرات,MARAT,الرياض,Riyadh,0,0,0,1,لا يوجد مدخل,599.677,1,0.0,568.048,1,0.0,مخطط مرات 1120,lands_moh_land,2021-08-27,no entry,land,1037,"25.113958,45.485914"
project_422,حوطة بني تميم,HAWTAT BANI TAMIM,الرياض,Riyadh,1,1,0,1,لا يوجد مدخل,900.0,1,0.0,550.0,1,0.0,مخطط الحلوة,lands_moh_land,2021-08-27,no entry,land,9989,"23.373744,46.849381"
project_418,بقعاء,BAQ'A,حائل,Ha'il,1,48,0,1,لا يوجد مدخل,856.0,1,0.0,753.73,1,0.0,الفويلق 2 - بقعاء,lands_moh_land,2021-08-27,no entry,land,1291,"27.631617,42.611294"
project_427,ام القلبان,UMM AL QULBAN,حائل,Ha'il,0,0,0,1,لا يوجد مدخل,851.0,1,0.0,692.14,1,0.0,ام قلبان - حائل,lands_moh_land,2021-08-27,no entry,land,804,"27.816694,41.440972"
project_436,الحريق (الحريق),AL HARIQ,الرياض,Riyadh,0,0,0,1,لا يوجد مدخل,750.0,1,0.0,500.0,1,0.0,مخطط اراضي 254 - الحريق,lands_moh_land,2021-08-27,no entry,land,2405,"23.633963,46.496143"
project_1023,الرياض,AR RIYADH,الرياض,Riyadh,1,6,0,1,شركة رافد للمقاولات عامة,180.0,3,990000.0,110.0,2,645000.0,مشروع رافد 1 - الرياض,offplan_private_land,2022-06-19,under_construction,apartment,34751,"24.832014,46.77938"
project_463,المجمعة,AL MAJMA'AH,الرياض,Riyadh,0,0,0,1,لا يوجد مدخل,1026.03,1,0.0,400.0,1,0.0,المجمعة- تمير -721-أ,lands_moh_land,2021-08-27,no entry,land,1440,"25.71975,45.855447"
project_464,المجمعة,AL MAJMA'AH,الرياض,Riyadh,0,0,0,1,لا يوجد مدخل,960.0,1,0.0,600.0,1,0.0,المجمعة - تمير - 837,lands_moh_land,2021-08-27,no entry,land,15438,"25.723611,45.85975"
project_474,الشنان,ASH SHINAN,حائل,Ha'il,0,0,0,1,لا يوجد مدخل,1097.5,1,0.0,827.5,1,0.0,مشروع السبعان - 496,lands_moh_land,2021-08-27,no entry,land,1984,"27.031241,41.988545"
project_476,دومة الجندل,DAWMAT AL JANDAL,الجوف,Jawf,0,0,0,1,لا يوجد مدخل,1200.0,1,0.0,517.5,1,0.0,مخطط الملك عبدالعزيز - دومة الجندل,lands_moh_land,2021-08-27,no entry,land,20893,"29.74977144,39.90235433"
project_477,المويه القديم,AL MUWAYH AL QADIM,مكة المكرمة,Makkah,0,0,0,1,لا يوجد مدخل,862.5,1,0.0,375.0,1,0.0,مشروع المويه - 4/ق/ط,lands_moh_land,2021-08-27,no entry,land,19269,"22.09656073,41.28615809"
project_555,السليمي,AS SULAYMI,حائل,Ha'il,0,0,0,1,لا يوجد مدخل,800.0,1,0.0,690.0,1,0.0,1532 السليمي - حائل,lands_moh_land,2021-08-27,no entry,land,590,"26.296671,41.341699"
project_560,بقعاء,BAQ'A,حائل,Ha'il,0,0,0,1,لا يوجد مدخل,500.0,1,0.0,492.0,1,0.0,الناصرية 410,lands_moh_land,2021-08-27,no entry,land,338,"27.682017,42.549247"
project_561,الشماسية,ASH SHIMASIYAH,القصيم,Qassim,1,267,0,0,لا يوجد مدخل,1364.432,1,0.0,483.371,1,0.0,مخطط الربيعية,lands_moh_land,2021-08-27,no entry,land,60153,"26.36510404,44.23082334"
project_559,بقعاء,BAQ'A,حائل,Ha'il,0,0,0,1,لا يوجد مدخل,1242.0,1,0.0,660.0,1,0.0,تربة 1403,lands_moh_land,2021-08-27,no entry,land,1882,"28.271389,42.929154"
project_557,الشنان,ASH SHINAN,حائل,Ha'il,0,0,0,1,لا يوجد مدخل,525.0,1,0.0,318.36,1,0.0,رك418 - حائل,lands_moh_land,2021-08-27,no entry,land,277,"27.262217,42.275323"
project_1011,الرياض,AR RIYADH,الرياض,Riyadh,0,0,0,1,رتال,425.0,4,2120635.0,250.0,4,1291884.0,نساج تاون النرجس - الرياض,offplan_moh_land,2022-06-15,under_construction,villa,1299581,"24.89475,46.639778"
project_556,العويقلية,AL UWAYQILAH,الحدود الشمالية,Northern Borders,0,0,0,1,لا يوجد مدخل,900.0,1,0.0,600.0,1,0.0,مخطط العايش 12246 / س,lands_moh_land,2021-08-27,no entry,land,291,"30.302611,42.353218"
project_554,بلجرشي,BILJURASHI,الباحة,Bahah,0,0,0,1,لا يوجد مدخل,611.365573,1,0.0,448.199866,1,0.0,340  - العسله,lands_moh_land,2021-08-27,no entry,land,35218,"19.895985,41.59519"
project_553,المويه الجديد,AL MUWAYH AL JADID,مكة المكرمة,Makkah,1,1,0,1,لا يوجد مدخل,740.965,1,0.0,475.796,1,0.0,مخطط المويه الجديد - محافظة المويه,lands_moh_land,2021-08-27,no entry,land,9948,"22.429233,41.74011"
project_565,قرية (قرية العليا),QARYAT AL 'ULYA,المنطقة الشرقية,Eastern Province,1,810,0,1,لا يوجد مدخل,954.809,1,0.0,377.823,1,0.0,مخطط الفريدة - قرية العليا,lands_moh_land,2021-08-27,no entry,land,6168,"27.164083,46.996145"
project_569,حائل,HAIL,حائل,Ha'il,0,0,0,1,لا يوجد مدخل,1897.27,1,0.0,636.73,1,0.0,المزيريرات - حائل,lands_moh_land,2021-08-27,no entry,land,5315,"27.780771,41.631575"
project_570,الدوادمي,AD DUWADIMI,الرياض,Riyadh,1,2,0,1,لا يوجد مدخل,894.82,1,0.0,381.864,1,0.0,الرفيعة - الدوادمي,lands_moh_land,2021-08-27,no entry,land,5565,"24.521556,43.900979"
project_567,رفحاء,RAFHA',الحدود الشمالية,Northern Borders,1,91,0,1,لا يوجد مدخل,974.0,1,0.0,663.91,1,0.0,هجرة رغوة,lands_moh_land,2021-08-27,no entry,land,1829,"28.614934,44.053607"
project_562,عفيف,AFIF,الرياض,Riyadh,1,184,0,1,لا يوجد مدخل,1315.078,1,0.0,559.049,1,0.0,مخطط الخالدية - عفيف,lands_moh_land,2021-08-27,no entry,land,3698,"23.924718,42.760833"
project_577,بقيق,BUQAYQ,المنطقة الشرقية,Eastern Province,0,0,0,1,لا يوجد مدخل,995.18,1,0.0,582.0,1,0.0,يكـرب - الشرقية,lands_moh_land,2021-08-27,no entry,land,106012,"25.974805,49.476792"
project_578,بيش,BAYSH,جازان,Jizan,0,0,0,1,لا يوجد مدخل,1880.56,1,0.0,450.0,1,0.0,بيش 94,lands_moh_land,2021-08-27,no entry,land,1796447,"17.444587,42.526852"
project_1018,الرياض,AR RIYADH,الرياض,Riyadh,1,24,0,1,شركة ازدهار للتطوير العقاري,208.18,3,1899000.0,102.16,1,899000.0,جاردن ريزيدنس - الرياض,offplan_private_land,2022-06-08,under_construction,apartment,44886,"24.777695,46.584277"
project_584,حاذة,HADHAH,المدينة المنورة,Madinah,1,367,0,1,لا يوجد مدخل,750.0,1,0.0,415.025,1,0.0,مركز حاذه - المدينة المنورة,lands_moh_land,2021-08-27,no entry,land,29916,"22.620727,40.603987"
project_589,شقراء,SHAQRA',الرياض,Riyadh,1,146,0,1,لا يوجد مدخل,858.264333,1,0.0,533.782549,1,0.0,مخطط شقراء 151,lands_moh_land,2021-08-27,no entry,land,19405,"25.523687,45.259725"
project_585,رفحاء,RAFHA',الحدود الشمالية,Northern Borders,1,336,0,1,لا يوجد مدخل,529.376,1,0.0,359.09,1,0.0,ام غار الخشيبي,lands_moh_land,2021-08-27,no entry,land,1254,"29.302374,44.032425"
project_592,الشنان,ASH SHINAN,حائل,Ha'il,0,0,0,1,لا يوجد مدخل,1044.0,1,0.0,850.18,1,0.0,مخطط المضيح - الشنان,lands_moh_land,2021-08-27,no entry,land,499,"26.88063,42.088879"
project_590,قرية (قرية العليا),QARYAT AL 'ULYA,المنطقة الشرقية,Eastern Province,1,314,0,1,لا يوجد مدخل,780.0,1,0.0,660.0,1,0.0,المخطط رقم ١٠/٧١ بمركز أم عقلاء بمحافظة قرية العليا,lands_moh_land,2021-08-27,no entry,land,2199,"26.520287,47.337779"
project_591,العويقلية,AL UWAYQILAH,الحدود الشمالية,Northern Borders,1,27,0,1,لا يوجد مدخل,1000.0,1,0.0,625.0,1,0.0,مخطط نعيجان - العويقلية,lands_moh_land,2021-08-27,no entry,land,2384,"29.540999,42.097337"
project_594,صبيا,SABYA,جازان,Jizan,0,0,0,1,لا يوجد مدخل,550.0001,1,0.0,450.0,1,0.0,مشروع الرفاه - صبيا,lands_moh_land,2021-08-27,no entry,land,25901,"17.247788,42.443566"
project_593,الروضة (الأفلاج),AR RAWDAH,الرياض,Riyadh,1,15,0,1,لا يوجد مدخل,1260.0,1,0.0,520.0,1,0.0,مخطط الأفلاج 705,lands_moh_land,2021-08-27,no entry,land,3493,"21.98806646,45.93273088"
project_605,ثادق,THADIQ,الرياض,Riyadh,0,0,0,1,لا يوجد مدخل,1035.005328148,1,0.0,600.00045192,1,0.0,مخطط ثادق 302/أ,lands_moh_land,2021-08-27,no entry,land,7989,"25.291524,45.795837"
project_603,ثادق,THADIQ,الرياض,Riyadh,0,0,0,1,لا يوجد مدخل,1260.0,1,0.0,524.548,1,0.0,مخطط ثادق 362,lands_moh_land,2021-08-27,no entry,land,8773,"25.65639656,46.36784813"
project_1016,جدة,JEDDAH,مكة المكرمة,Makkah,1,7,0,1,شركة المنازل الذكية المحدودة,269.0,3,1050000.0,223.0,3,910000.0,تاون هاوس - جدة,offplan_private_land,2022-06-06,under_construction,apartment,14440,"21.559926,39.248832"
project_606,بيشه (بيشه),BISHAH,عسير,'Asir,0,0,0,1,لا يوجد مدخل,637.5,1,0.0,576.29,1,0.0,مخطط غرب سوق صمخ,lands_moh_land,2021-08-27,no entry,land,1194,"19.37539954,42.79388097"
project_607,بيشه (بيشه),BISHAH,عسير,'Asir,0,0,0,1,لا يوجد مدخل,695.49,1,0.0,556.05,1,0.0,مخطط كتنه - بيشة,lands_moh_land,2021-08-27,no entry,land,1434,"19.35365203,42.79610617"
project_604,ثادق,THADIQ,الرياض,Riyadh,0,0,0,1,لا يوجد مدخل,679.58,1,0.0,600.7827,1,0.0,مخطط ثادق 370,lands_moh_land,2021-08-27,no entry,land,8985,"25.18074391,45.80120514"
project_612,السليل,AS SULAYYIL,الرياض,Riyadh,0,0,0,1,لا يوجد مدخل,590.537294,1,0.0,490.993311,1,0.0,مشروع شروق السليل,lands_moh_land,2021-08-27,no entry,land,6904,"20.45516951,45.60874802"
project_608,عفيف,AFIF,الرياض,Riyadh,1,102,0,1,لا يوجد مدخل,890.4308,1,0.0,347.234,1,0.0,مخطط الانسيات - عفيف,lands_moh_land,2021-08-27,no entry,land,1147,"23.657414,42.58092"
project_614,قرية (قرية العليا),QARYAT AL 'ULYA,المنطقة الشرقية,Eastern Province,1,645,645,1,لا يوجد مدخل,628.34,1,0.0,351.871,1,0.0,مخطط ام كداد – حفر الباطن,lands_moh_land,2021-08-27,no entry,land,2130,"27.940933,46.907464"
project_609,القويعية,QUWAY'IYAH,الرياض,Riyadh,0,0,0,1,لا يوجد مدخل,1724.38,1,0.0,600.0,1,0.0,مخطط 1051 - القويعية,lands_moh_land,2021-08-27,no entry,land,44487,"24.07845043,45.34781229"
project_611,القويعية,QUWAY'IYAH,الرياض,Riyadh,0,0,0,1,لا يوجد مدخل,947.057,1,0.0,500.976,1,0.0,مخطط 217 - القويعية,lands_moh_land,2021-08-27,no entry,land,2833,"23.7656367,44.76488154"
project_615,خميس مشيط,KHAMIS MUSHAYT,عسير,'Asir,0,0,0,1,لا يوجد مدخل,937.58,1,0.0,567.73,1,0.0,مخطط رغوة الجنوب – خميس مشيط,lands_moh_land,2021-08-27,no entry,land,16115,"18.69408679,42.8809609"
project_613,عفيف,AFIF,الرياض,Riyadh,1,438,0,1,لا يوجد مدخل,2000.0,1,0.0,302.27,1,0.0,مخطط عفيف 843,lands_moh_land,2021-08-27,no entry,land,1872,"23.86721241,42.70005091"
project_996,الرياض,AR RIYADH,الرياض,Riyadh,1,237,0,1,الشركة الوطنية للإسكان البناء المطور,558.0,1,474271.0,336.91,1,149960.0,الأصالة - الرياض,advanced_self_construction,2022-05-11,under_construction,villa,155503,"24.4815503,46.7070349"
project_616,المجمعة,AL MAJMA'AH,الرياض,Riyadh,0,0,0,1,لا يوجد مدخل,887.4887,1,0.0,387.4951,1,0.0,مخطط 411 - المجمعة,lands_moh_land,2021-08-27,no entry,land,6383,"25.544976,45.699969"
project_618,حفر الباطن,HAFAR AL BATIN,المنطقة الشرقية,Eastern Province,1,455,0,1,لا يوجد مدخل,699.689756613,1,0.0,331.85133244,1,0.0,معرج السوبان 21/18,lands_moh_land,2021-08-27,no entry,land,3403,"27.976281,47.023275"
project_622,عفيف,AFIF,الرياض,Riyadh,1,23,0,1,لا يوجد مدخل,1006.571,1,0.0,535.942,1,0.0,مخطط المردمة 583 - عفيف,lands_moh_land,2021-08-27,no entry,land,1257,"23.67456667,43.13175386"
project_621,عفيف,AFIF,الرياض,Riyadh,1,28,28,1,لا يوجد مدخل,1114.253,1,0.0,813.765,1,0.0,مخطط الهرانية 579 - عفيف,lands_moh_land,2021-08-27,no entry,land,1005,"23.8352519,43.22310197"
project_624,بيش,BAYSH,جازان,Jizan,0,0,0,1,لا يوجد مدخل,550.0,1,0.0,450.0,1,0.0,مشروع الورود - بيش,lands_moh_land,2021-08-27,no entry,land,14478,"17.48562647,42.71490881"
project_619,عفيف,AFIF,الرياض,Riyadh,1,226,0,1,لا يوجد مدخل,1401.781,1,0.0,447.954,1,0.0,مخطط 811 - عفيف,lands_moh_land,2021-08-27,no entry,land,1569,"23.83452746,42.83324324"
project_617,عفيف,AFIF,الرياض,Riyadh,1,3,0,1,لا يوجد مدخل,844.675,1,0.0,328.062,1,0.0,مخطط عفيف - 306,lands_moh_land,2021-08-27,no entry,land,1591,"24.348845,43.274888"
project_637,النعيرية,AN NU'AYRIYAH,المنطقة الشرقية,Eastern Province,1,79,0,1,لا يوجد مدخل,620.51,1,0.0,408.12,1,0.0,مخطط الحسي 65/10 - النعيرية,lands_moh_land,2021-08-27,no entry,land,7583,"27.10367402,48.53378303"
project_636,النعيرية,AN NU'AYRIYAH,المنطقة الشرقية,Eastern Province,0,0,0,1,لا يوجد مدخل,631.847,1,0.0,628.66,1,0.0,مخطط 90/10 - النعيرية,lands_moh_land,2021-08-27,no entry,land,22692,"26.81673412,48.34051335"
project_635,طبرجل,TUBARJAL,الجوف,Jawf,0,0,0,1,لا يوجد مدخل,826.32,1,0.0,388.71,1,0.0,مخطط ميقوع - دومة الجندل,lands_moh_land,2021-08-27,no entry,land,10475,"29.82565184,38.93718635"
project_1012,الرياض,AR RIYADH,الرياض,Riyadh,0,0,0,1,دار واعمار للاستثمار والتطوير العقاري,409.53,5,1617629.0,257.5,5,1341086.0,سرايا الجوان ٢ - الرياض,offplan_private_land,2022-04-25,under_construction,townhouse,514876,"24.9181,46.648268"
project_638,شقراء,SHAQRA',الرياض,Riyadh,1,1,0,1,لا يوجد مدخل,712.498,1,0.0,599.998,1,0.0,مخطط القصب 30 - شقراء,lands_moh_land,2021-08-27,no entry,land,4576,"25.433301,45.401977"
project_640,ثادق,THADIQ,الرياض,Riyadh,0,0,0,1,لا يوجد مدخل,839.335,1,0.0,600.0,1,0.0,مخطط 286 - ثادق,lands_moh_land,2021-08-27,no entry,land,7256,"25.17693041,45.81364605"
project_639,ثادق,THADIQ,الرياض,Riyadh,0,0,0,1,لا يوجد مدخل,684.8016,1,0.0,577.16,1,0.0,مخطط 366 - ثادق,lands_moh_land,2021-08-27,no entry,land,181243,"25.2139785,45.86838014"
project_654,حفر الباطن,HAFAR AL BATIN,المنطقة الشرقية,Eastern Province,1,2,0,1,لا يوجد مدخل,816.998095619927,1,0.0,391.997921907133,1,0.0,مخطط ش-ر-51/ح -هجرة مناخ - حفر الباطن,lands_moh_land,2021-08-27,no entry,land,3947,"27.602306,46.316667"
project_663,الدوادمي,AD DUWADIMI,الرياض,Riyadh,1,23,0,1,لا يوجد مدخل,625.0,1,0.0,389.875,1,0.0,مخطط 32 - الراجحية - الدوادمي,lands_moh_land,2021-08-27,no entry,land,4573,"25.29193927,44.15297339"
project_655,تمير,TUMAIR,الرياض,Riyadh,0,0,0,1,لا يوجد مدخل,863.1355,1,0.0,570.0,1,0.0,مخطط 909 - المجمعة -  تمير,lands_moh_land,2021-08-27,no entry,land,1368,"25.729363,45.867403"
project_664,عفيف,AFIF,الرياض,Riyadh,1,62,0,1,لا يوجد مدخل,896.743,1,0.0,380.356,1,0.0,مخطط 293 - الفيضة - عفيف,lands_moh_land,2021-08-27,no entry,land,3322,"23.90018096,42.85395943"
project_705,جدة,JEDDAH,مكة المكرمة,Makkah,1,32,0,1,الشركة الوطنية للإسكان,385.0,5,2171501.0,200.0,3,796000.0,ميلاء - جدة,offplan_moh_land,2021-08-23,under_construction,townhouse,352916,"21.777722,39.182278"
project_693,مدينة الملك عبدالله الاقتصادية,King Abdullah Economic City,مكة المكرمة,Makkah,1,12,12,0,شركة اعمار المدينة الاقتصادية,1448.29,6,3444323.04,580.25,3,1709587.89,مدينة الملك عبدالله الاقتصادية - الرويال غرينز,readymade_private_land,2021-08-09,construction_completed,villa,6244,"22.4453697,39.0975643901"
project_703,الرياض,AR RIYADH,الرياض,Riyadh,0,0,0,1,شركة السليمان العقارية,305.5,3,650000.0,187.9,3,575000.0,سكينة ريزيدنس 3 - الرياض,offplan_private_land,2021-08-09,under_construction,apartment,14299,"24.544056,46.517944"
project_1030,القطيف,AL QATIF,المنطقة الشرقية,Eastern Province,0,0,0,1,دار واعمار للاستثمار والتطوير العقاري,420.59,5,1623164.0,257.5,5,1272078.0,سرايا البحر - القطيف,offplan_moh_land,2022-08-28,under_construction,villa,105671,"26.644917,49.997472"
project_1013,الرياض,AR RIYADH,الرياض,Riyadh,0,0,0,1,عبدالرحمن الراشد وأولاده,395.0,5,1977216.0,200.0,4,969595.0,النرجس ڤيو ٢ - الرياض,offplan_private_land,2022-04-13,under_construction,townhouse,707596,"24.92793,46.636224"
project_684,الرياض,AR RIYADH,الرياض,Riyadh,1,5,0,1,شركة الضاحية المثالية للتطوير والاستثمار العقاري,509.181,4,4503073.33333333,159.8,3,1516190.48,النايفة - الرياض,offplan_private_land,2021-06-28,under_construction,villa,78598,"24.8487499,46.7634185"
project_683,جدة,JEDDAH,مكة المكرمة,Makkah,1,4,0,1,شركة انشاء للتطوير والاستثمار العقاري,294.18,4,1542061.4,81.69,1,401500.0,جنان 1 - جدة,offplan_private_land,2021-06-28,under_construction,apartment,20112,"21.6227049,39.1559758211"
project_685,الرياض,AR RIYADH,الرياض,Riyadh,0,0,0,1,شركة السليمان العقارية,345.5,3,650000.0,187.9,3,575000.0,سكينة ريزيدنس 1 - الرياض,offplan_private_land,2021-06-28,under_construction,apartment,13471,"24.5451506,46.522476222"
project_678,العلا,AL ULA,المدينة المنورة,Madinah,1,2,2,0,لا يوجد مدخل,742.78,1,0.0,576.95,1,0.0,مخطط المحاش الشمالي /711 - المدينة المنورة,lands_moh_land,2021-04-29,no entry,land,30660,"26.607869,37.94592"
project_679,العلا,AL ULA,المدينة المنورة,Madinah,1,1,1,0,لا يوجد مدخل,800.0,1,0.0,797.05,1,0.0,ت/1415 الميدان/704 - المدينة المنورة,lands_moh_land,2021-04-29,no entry,land,26139,"26.552941,37.951095"
project_680,عفيف,AFIF,الرياض,Riyadh,1,12,0,1,لا يوجد مدخل,896.578,1,0.0,380.343,1,0.0,مخطط 987/أ صوية - الرياض,lands_moh_land,2021-04-29,no entry,land,13434,"23.961213,42.51308"
project_677,العلا,AL ULA,المدينة المنورة,Madinah,1,2,2,0,لا يوجد مدخل,868.0804,1,234381.708,500.1,1,0.0,و/930 - المدينة المنورة,lands_moh_land,2021-04-29,no entry,land,153478,"26.558145,37.958954"
project_676,العلا,AL ULA,المدينة المنورة,Madinah,1,2,2,0,لا يوجد مدخل,1014.13,1,0.0,427.91,1,0.0,و/834 - المدينة المنورة,lands_moh_land,2021-04-29,no entry,land,45410,"26.550414,37.954965"
project_675,الخبر,AL KHUBAR,المنطقة الشرقية,Eastern Province,0,0,0,1,شركة أسوار المتحدة للتطوير العقاري,489.62,4,1277000.0,246.38,4,998000.0,أسوار السكني - الخبر,offplan_private_land,2021-03-31,under_construction,villa,27364,"26.138806,50.15725"
project_596,الخبر,AL KHUBAR,المنطقة الشرقية,Eastern Province,0,0,0,1,الشركة الخليجية للتعمير العقاري,163.0,3,720000.0,153.0,3,540000.0,أنار السكني - الخبر,offplan_private_land,2021-02-22,under_construction,apartment,3980,"26.231444,50.204222"
project_1009,جيزان,JIZAN,جازان,Jizan,0,0,0,1,شركه أفضل مسكن العقاريه,178.14,5,780000.0,144.66,4,734000.0,جوهرة جيزان - جازان,offplan_private_land,2022-04-12,under_construction,apartment,15386,"16.950425,42.564683"
project_229,بريدة,BURAYDAH,القصيم,Qassim,0,0,0,1,لا يوجد مدخل,1236.2,1,0.0,384.7,1,0.0,حاضرة بريدة - بريدة,lands_moh_land,2021-02-21,no entry,land,3531869,"26.501431,44.018996"
project_2,الرياض,AR RIYADH,الرياض,Riyadh,0,0,0,1,التحالف العقارية,569.9677734375,4,1272251.0,194.867362122,4,557700.0,إشراق ليفينج - الرياض,offplan_moh_land,2021-01-25,under_construction,townhouse,25289,"24.95975,46.622639"
project_4,الرياض,AR RIYADH,الرياض,Riyadh,0,0,0,0,الديار العربية للتطوير العقاري,478.58,6,1165640.0,200.0,4,498000.0,شمس الديار - الرياض - الديار العربية,offplan_moh_land,2021-01-25,under_construction,townhouse,11549,"24.964991,46.61997"
project_16,خميس مشيط,KHAMIS MUSHAYT,عسير,'Asir,1,286,0,1,عبدالرحمن الراشد وأولاده,574.8239,5,822443.0,187.499,4,530284.0,واحة الخميس - خميس مشيط,offplan_moh_land,2021-01-25,under_construction,townhouse,40185,"18.35765,42.753309"
project_14,الهفوف,AL HUFUF,المنطقة الشرقية,Eastern Province,1,116,0,1,أبراج ذهب للتطوير العقاري,350.3699,4,774239.0,164.9,3,495000.0,ديار الحساء - الاحساء,offplan_moh_land,2021-01-25,under_construction,townhouse,68589,"25.32048,49.596771"
project_22,الرياض,AR RIYADH,الرياض,Riyadh,0,0,0,1,مجموعة سلمان بن سعيدان للعقارات,185.5,3,410753.0,185.5,3,410753.0,إسكان الرياض - الرياض,offplan_moh_land,2021-01-25,under_construction,apartment,8921,"24.965917,46.615694"
project_17,تبوك,TABUK,تبوك,Tabuk,1,46,0,0,شمائل الخليج للمقاولات,404.6,5,1036940.0,207.0,4,507102.0,بساتين تبوك - تبوك,offplan_moh_land,2021-01-25,under_construction,townhouse,42656,"28.455361,36.51625"
project_36,جدة,JEDDAH,مكة المكرمة,Makkah,1,275,0,1,شركة جدارة العقارية,264.48,4,714096.0,127.58,2,220000.0,أعالي جدة - جدة,offplan_moh_land,2021-01-25,under_construction,apartment,176493,"21.410327,39.280998"
project_40,المدينة المنورة,AL MADINAH AL MUNAWWARAH,المدينة المنورة,Madinah,1,56,0,1,منازل العصرية للتطوير والاستثمار العقاري,264.0,4,651072.0,125.0,2,277500.0,درة المدينة 1 - المدينة المنورة,offplan_moh_land,2021-01-25,under_construction,apartment,11157,"24.427833,39.645417"
project_35,جدة,JEDDAH,مكة المكرمة,Makkah,1,875,0,1,ساني العامرية,250.0,4,702958.0,125.0,2,262500.0,تلال الغروب - جدة,offplan_moh_land,2021-01-25,under_construction,apartment,32520,"21.429778,39.285028"
project_1007,تبوك,TABUK,تبوك,Tabuk,1,19,0,1,الشركة الوطنية للإسكان,540.0,4,797625.0,220.0,4,569604.0,تبوك ڤالي - تبوك,offplan_moh_land,2022-04-04,under_construction,villa,310767,"28.455694,36.523139"
project_39,جدة,JEDDAH,مكة المكرمة,Makkah,0,0,0,1,مكيون مطورون عمرانيون,263.99,4,615097.0,126.3,2,294279.0,ربى جدة - جدة,offplan_moh_land,2021-01-25,under_construction,apartment,5686,"21.4154609,39.2806919"
project_50,الدمام,AD DAMMAM,المنطقة الشرقية,Eastern Province,0,0,0,1,مدى الشرقية للتطوير,172.15,3,378730.0,130.0,2,286000.0,واحة مدى -  الدمام,offplan_moh_land,2021-01-25,under_construction,apartment,4075,"26.350112,49.97725"
project_42,المدينة المنورة,AL MADINAH AL MUNAWWARAH,المدينة المنورة,Madinah,1,146,0,1,عبر المملكة العقارية,272.4,5,849888.0,136.2,2,326880.0,جوار - المدينة المنورة,offplan_moh_land,2021-01-25,under_construction,apartment,6199,"24.113363,38.013819"
project_56,الدمام,AD DAMMAM,المنطقة الشرقية,Eastern Province,1,388,0,1,شركة جدارة العقارية,567.5,5,1207656.795,230.0,4,619380.0,واحة الدمام -  الدمام,offplan_moh_land,2021-01-25,under_construction,villa,95212,"26.355385,49.980021"
project_59,الدمام,AD DAMMAM,المنطقة الشرقية,Eastern Province,0,0,0,1,رتال,407.593627984529,4,757264.0,187.432916585808,4,530618.0,نساج تاون - الدمام,offplan_moh_land,2021-01-25,under_construction,townhouse,13388,"26.345556,49.988667"
project_54,الدمام,AD DAMMAM,المنطقة الشرقية,Eastern Province,0,0,0,1,مايا للتطوير والاستثمار العقاري,250.65,4,558511.0,124.9,2,235700.0,الفريدة -  الدمام,offplan_moh_land,2021-01-25,under_construction,apartment,9080,"26.3385,49.98576"
project_57,الدمام,AD DAMMAM,المنطقة الشرقية,Eastern Province,0,0,0,1,ثبات المسكن العقارية,435.35,4,749886.0,180.0,3,526971.0,الدمام الشمالي (مدّ) -  الدمام,offplan_moh_land,2021-01-25,under_construction,townhouse,4150,"26.357417,49.971639"
project_58,الدمام,AD DAMMAM,المنطقة الشرقية,Eastern Province,1,178,0,1,ساني العامرية,489.24,5,1230741.0,187.48,4,594038.0,تلال الغروب - الدمام,offplan_moh_land,2021-01-25,under_construction,townhouse,37538,"26.345556,49.988667"
project_68,خميس مشيط,KHAMIS MUSHAYT,عسير,'Asir,1,126,0,1,بن جارالله,243.0,4,510300.0,170.0,3,339150.0,تلال الخميس - خميس مشيط,offplan_moh_land,2021-01-25,under_construction,apartment,8981,"18.360123,42.73824"
project_61,القطيف,AL QATIF,المنطقة الشرقية,Eastern Province,0,0,0,1,التميمي للخدمات والصيانة العالمية,485.81,5,820681.0,178.41,3,535626.0,منازل القطيف - القطيف,offplan_moh_land,2021-01-25,under_construction,townhouse,12749,"26.523463,49.977315"
project_1010,جدة,JEDDAH,مكة المكرمة,Makkah,0,0,0,1,شركة المسكن الوافي للتطوير العقاري,185.88,6,630000.0,84.0,2,600000.0,العالية ١ - جدة,offplan_private_land,2022-03-30,under_construction,apartment,34856,"21.46508,39.324515"
project_77,تبوك,TABUK,تبوك,Tabuk,1,4,0,1,منازل العصرية للتطوير والاستثمار العقاري,226.7,4,539500.0,125.0,2,247000.0,درة تبوك - تبوك,offplan_moh_land,2021-01-25,under_construction,apartment,11980,"28.455361,36.51625"
project_71,جيزان,JIZAN,جازان,Jizan,1,90,0,1,صرح التقنية,541.04,5,844876.0,292.65,4,537768.0,ضاحية الملك عبدالله - جازان,offplan_moh_land,2021-01-25,under_construction,villa,69191,"17.0554153,42.5950265"
project_97,المدينة المنورة,AL MADINAH AL MUNAWWARAH,المدينة المنورة,Madinah,1,39,0,1,منازل العصرية للتطوير والاستثمار العقاري,285.0,4,789279.0,125.9,2,300901.0,درة المدينة 2 - المدينة المنورة,offplan_moh_land,2021-01-25,under_construction,apartment,9100,"24.432779,39.646102"
project_105,الرياض,AR RIYADH,الرياض,Riyadh,0,0,0,1,عبدالرحمن الراشد وأولاده,452.72,5,817433.0,199.9987,4,587898.0,ديار السعد - الرياض,offplan_moh_land,2021-01-25,under_construction,townhouse,6326,"24.969972,46.625056"
project_107,مكة المكرمة,MAKKAH AL MUKARRAMAH,مكة المكرمة,Makkah,1,1,0,1,لدن للإستثمار,214.7,4,614894.0,132.75,2,220000.0,جوهرة الرصيفة -  مكة المكرمة,offplan_moh_land,2021-01-25,under_construction,apartment,9398,"21.383972,39.784889"
project_98,ينبع,YANBU,المدينة المنورة,Madinah,0,0,0,1,الديار العربية للتطوير العقاري,250.0,6,832773.0,200.0,2,478000.0,لؤلؤة الديار - ينبع,offplan_moh_land,2021-01-25,under_construction,townhouse,29106,"24.113363,38.013819"
project_115,الدمام,AD DAMMAM,المنطقة الشرقية,Eastern Province,0,0,0,1,سدين العربية للعقارات,380.84,4,859432.0,180.35,4,526403.0,سدين - الدمام,offplan_moh_land,2021-01-25,under_construction,townhouse,12096,"26.325361,50.003"
project_119,جدة,JEDDAH,مكة المكرمة,Makkah,1,35,0,1,لدن للإستثمار,245.39,4,902330.0,125.14,2,303965.0,فينان - جدة,offplan_moh_land,2021-01-25,under_construction,apartment,53441,"21.754611,39.166889"
project_121,جدة,JEDDAH,مكة المكرمة,Makkah,0,0,0,1,الديار العربية للتطوير العقاري,395.85,4,1233655.0,131.87,2,311880.0,بوفارديا سيتي - جدة,offplan_moh_land,2021-01-25,under_construction,apartment,16910,"21.751824,39.17631"
project_120,جدة,JEDDAH,مكة المكرمة,Makkah,0,0,0,1,حمد وأحمد محمد المزيني العقارية,232.15,4,656285.0,194.05,4,476763.0,الجوهرة ريزيدينس - جدة,offplan_moh_land,2021-01-25,under_construction,apartment,13266,"21.75539,39.179246"
project_704,الرياض,AR RIYADH,الرياض,Riyadh,0,0,0,1,الشركة الوطنية للإسكان,502.343,5,2847765.0,199.999658,3,825120.0,رواء - الرياض,offplan_moh_land,2022-02-21,under_construction,townhouse,730510,"24.941972,46.629361"
project_134,الهفوف,AL HUFUF,المنطقة الشرقية,Eastern Province,0,0,0,1,شركة طراز العربية,240.0,4,592857.0,138.86,2,295972.0,طراز الاحساء - الاحساء,offplan_moh_land,2021-01-25,under_construction,apartment,3551,"25.321861,49.59075"
project_377,الدمام,AD DAMMAM,المنطقة الشرقية,Eastern Province,0,0,0,1,الاستثمارات المبتكرة العقارية,556.6,4,852400.0,246.8,4,586450.0,فلل البيرق - الدمام,offplan_moh_land,2021-01-25,under_construction,villa,4538,"26.3272,49.982806"
project_582,الدمام,AD DAMMAM,المنطقة الشرقية,Eastern Province,0,0,0,1,رتال,525.0,4,996463.0,219.7,4,622074.0,نساج تاون 2 - الدمام,offplan_moh_land,2021-01-25,under_construction,villa,12193,"26.329667,49.99725"
project_597,بريدة,BURAYDAH,القصيم,Qassim,1,107,0,1,شركة فضاء الاستثمار العقارية,516.72,4,961907.0,183.0,3,475800.0,فلل حطين - القصيم,offplan_private_land,2021-01-25,under_construction,apartment,16849,"26.294091,43.868599"
project_632,الرياض,AR RIYADH,الرياض,Riyadh,1,24,0,1,شركة فيصل عبدالله بن سعيدان للاستثمار والتطويرالعقاري,202.0,4,707640.0,125.0,2,347760.0,جوهرة السحاب - الرياض,offplan_private_land,2021-01-12,under_construction,apartment,39651,"24.557306,46.519944"
project_581,المدينة المنورة,AL MADINAH AL MUNAWWARAH,المدينة المنورة,Madinah,1,2,0,1,شركة دور العقارية للعقارات المحدودة,528.799987792969,5,1150000.0,125.31,2,390000.0,جادة السكب - المدينة المنورة,offplan_private_land,2021-01-05,under_construction,apartment,32380,"24.356102,39.575676"
project_647,الرياض,AR RIYADH,الرياض,Riyadh,0,0,0,1,شركة مسكن العربية للاستثمار والتطوير العقاري,450.0,4,1705000.0,200.0,4,990000.0,مسكن هايتس - الرياض,offplan_private_land,2020-12-17,under_construction,townhouse,30477,"24.65575,46.775917"
project_627,الخبر,AL KHUBAR,المنطقة الشرقية,Eastern Province,0,0,0,1,شركة سمو الأصالة للتطوير والاستثمار العقاري,449.5,4,1270700.0,237.94,4,699677.0,بارك فيو - الخبر,offplan_private_land,2020-10-08,under_construction,townhouse,22077,"26.092083,50.134139"
project_598,الخبر,AL KHUBAR,المنطقة الشرقية,Eastern Province,0,0,0,1,شركة أسيكو السعودية المحدودة,369.0,4,734400.0,300.0,4,654000.0,أصداف الخبر - الخبر,offplan_private_land,2020-07-09,under_construction,villa,4000,"26.125444,50.148194"
project_600,مكة المكرمة,MAKKAH AL MUKARRAMAH,مكة المكرمة,Makkah,0,0,0,1,شركة دور العقارية للعقارات المحدودة,232.0,3,640000.0,188.0,3,640000.0,المعيصم السكني - مكة المكرمة,offplan_private_land,2020-07-06,under_construction,apartment,3369,"21.45992,39.912654"
project_1005,الدمام,AD DAMMAM,المنطقة الشرقية,Eastern Province,1,8,0,1,مؤسسة عنواني العقارية,262.0,6,955000.0,130.0,3,540000.0,عنواني ريزيدنس - الدمام,offplan_private_land,2022-02-13,under_construction,apartment,27065,"26.376633,50.125687"
project_599,جدة,JEDDAH,مكة المكرمة,Makkah,1,1,0,1,شركة عبداللطيف جميل للأراضي المحدودة,225.98,4,1963900.0,152.28,2,1126900.0,داري قريش - جدة,offplan_private_land,2020-07-01,under_construction,apartment,6032,"21.593417,39.144722"
project_44,الهفوف,AL HUFUF,المنطقة الشرقية,Eastern Province,0,0,0,1,الاستثمارات المبتكرة العقارية,250.0,4,715408.0,250.0,4,642700.0,فلل البيرق ( المبرز ) - الأحساء,offplan_moh_land,2020-05-17,under_construction,villa,3124,"25.473194,49.541806"
project_572,جدة,JEDDAH,مكة المكرمة,Makkah,0,0,0,1,شركة حجاج وشركاه,307.52,4,1692528.0,225.0,4,950160.0,قرية موجان - جدة,offplan_private_land,2020-03-31,under_construction,villa,42576,"21.807722,39.097722"
project_25,الرياض,AR RIYADH,الرياض,Riyadh,0,0,0,1,حمد وأحمد محمد المزيني العقارية,300.0,4,811492.0,300.0,4,645750.0,بوابة الشرق - الرياض,offplan_private_land,2020-03-18,under_construction,villa,32495,"24.903678,46.953886"
project_9,الطائف,AT TAIF,مكة المكرمة,Makkah,0,0,0,1,إدارة للتنمية والتطوير,693.84,4,1379432.0,250.0,0,499499.0,مدينة الورود - الطائف -  إدارة للتنمية والتطوير,offplan_private_land,2020-02-25,under_construction,villa,35763,"21.377583,40.429222"
project_12,ينبع,YANBU,المدينة المنورة,Madinah,1,50,50,0,التميمي للتجارة والتعهدات المحدودة,347.054,5,1159161.0,162.337,3,441557.0,رواسن - ينبع,offplan_private_land,2020-02-25,under_construction,apartment,12712,"24.119028,37.989583"
project_23,الرياض,AR RIYADH,الرياض,Riyadh,0,0,0,1,عنان العقارية,400.22,4,912500.0,220.0,4,680000.0,معالي عنان - الرياض,offplan_private_land,2020-02-25,under_construction,villa,4736,"24.847503,46.884934"
project_27,الرياض,AR RIYADH,الرياض,Riyadh,1,92,0,1,دار الأركان,179.625,4,563000.0,133.63,2,384000.0,إسكان الرياض - (باريزيانا) - الرياض,readymade_private_land,2020-02-25,construction_completed,apartment,30293,"24.596319,46.700361"
project_45,الخبر,AL KHUBAR,المنطقة الشرقية,Eastern Province,0,0,0,1,عنان العقارية,792.4,4,1247719.0,210.66,4,621058.42,إطلالة البحر- الخبر,offplan_private_land,2020-02-25,under_construction,villa,4064,"26.202278,50.169028"
project_49,الدمام,AD DAMMAM,المنطقة الشرقية,Eastern Province,0,0,0,1,الجبيل للتعمير,325.0,3,749949.0,320.0,3,739102.0,إسكان الدمام - تلال الدمام - الدمام,readymade_private_land,2020-02-25,construction_completed,apartment,2389,"26.374531,49.960369"
project_1006,الخبر,AL KHUBAR,المنطقة الشرقية,Eastern Province,1,7,7,0,مدى الشرقية للتطوير,420.0,5,1784950.0,350.0,5,1575000.0,نسيم - الخبر,offplan_private_land,2022-02-10,under_construction,villa,29537,"26.181119,50.190166"
project_46,الخبر,AL KHUBAR,المنطقة الشرقية,Eastern Province,0,0,0,1,الرائم للمقاولات,314.0,3,720000.0,147.0,2,460000.0,إسكان الخبر - الشبيلي - الخبر,readymade_private_land,2020-02-25,construction_completed,apartment,2702,"26.232793,50.204459"
project_94,الرياض,AR RIYADH,الرياض,Riyadh,0,0,0,1,تحالف الزامل,396.2,4,870603.0,219.93,4,635308.0,بيوت الزامل - الرياض,offplan_private_land,2020-02-25,under_construction,villa,8862,"24.847667,46.885167"
project_19,ليلى,LAYLA,الرياض,Riyadh,0,0,0,0,وزارة الإسكان,725.0,3,363000.0,600.0,3,363000.0,إسكان الأفلاج - الأفلاج,readymade_moh_land,2020-02-13,construction_completed,villa,1880,"0.0,0.0"
project_64,النبهانية,AN NABHANIYAH,القصيم,Qassim,0,0,0,0,وزارة الإسكان,585.0,3,294000.0,409.48,3,294000.0,إسكان النبهانية - النبهانية,readymade_moh_land,2020-02-13,construction_completed,villa,621,"0.0,0.0"
project_79,طريف,TURAIF,الحدود الشمالية,Northern Borders,0,0,0,0,وزارة الإسكان,500.0,3,414690.0,484.0,3,414690.0,إسكان طريف - طريف,readymade_moh_land,2020-02-13,construction_completed,villa,3295,"0.0,0.0"
project_99,حفر الباطن,HAFAR AL BATIN,المنطقة الشرقية,Eastern Province,0,0,0,0,وزارة الإسكان,597.5,3,513000.0,467.5,3,513000.0,إسكان حفر الباطن - حفر الباطن,readymade_moh_land,2020-02-13,construction_completed,villa,11046,"0.0,0.0"
project_103,القريات,AL QURAYYAT,الجوف,Jawf,0,0,0,0,وزارة الإسكان,500.0,3,393000.0,494.0,3,393000.0,إسكان القريات - القريات,readymade_moh_land,2020-02-13,construction_completed,villa,1957,"0.0,0.0"
project_109,نجران,NAJRAN,نجران,Najran,0,0,0,0,وزارة الإسكان,616.0,3,391000.0,435.0,3,391000.0,إسكان نجران - نجران,readymade_moh_land,2020-02-13,construction_completed,villa,5609,"0.0,0.0"
project_30,الزلفي,AZ ZULFI,الرياض,Riyadh,0,0,0,0,وزارة الإسكان,525.0,3,350000.0,475.0,1,350000.0,إسكان الزلفي - الزلفي,readymade_moh_land,2020-01-29,construction_completed,villa,1552,"26.308749,44.915475"
project_32,ثادق,THADIQ,الرياض,Riyadh,0,0,0,0,وزارة الإسكان,583.2,3,200000.0,451.12,3,200000.0,إسكان ثادق - ثادق,readymade_moh_land,2020-01-29,construction_completed,villa,928,"0.0,0.0"
project_1002,مكة المكرمة,MAKKAH AL MUKARRAMAH,مكة المكرمة,Makkah,1,92,0,1,عبر المملكة العقارية,192.94,3,787122.0,150.15,2,578078.0,مكانة - مكة المكرمة,offplan_private_land,2022-02-08,under_construction,apartment,23879,"21.466611,39.789"
project_29,الدوادمي,AD DUWADIMI,الرياض,Riyadh,0,0,0,0,وزارة الإسكان,500.0,4,374000.0,500.0,4,374000.0,إسكان الدوادمي - الدوادمي,readymade_moh_land,2020-01-29,construction_completed,villa,2479,"0.0,0.0"
project_33,الخرمة,AL KHURMAH,مكة المكرمة,Makkah,0,0,0,0,وزارة الإسكان,550.0,3,370000.0,493.75,3,370000.0,إسكان الخرمة - الخرمة,readymade_moh_land,2020-01-29,construction_completed,villa,1745,"0.0,0.0"
project_43,الهفوف,AL HUFUF,المنطقة الشرقية,Eastern Province,0,0,0,0,وزارة الإسكان,790.59,4,446500.0,470.04,3,440500.0,إسكان الإحساء,readymade_moh_land,2020-01-29,construction_completed,villa,2548,"0.0,0.0"
project_48,المبرز,AL MUBARRAZ,المنطقة الشرقية,Eastern Province,0,0,0,0,وزارة الإسكان,500.0,4,650000.0,100.0,4,0.0,إسكان المبرز - المبرز,readymade_moh_land,2020-01-29,construction_completed,villa,2258,"0.0,0.0"
project_63,البدائع,AL BADAI',القصيم,Qassim,0,0,0,0,وزارة الإسكان,600.0,3,310000.0,600.0,3,310000.0,إسكان البدائع - البدائع,readymade_moh_land,2020-01-29,construction_completed,villa,766,"0.0,0.0"
project_67,رياض الخبراء,RIYAD AL KHABRA,القصيم,Qassim,0,0,0,0,وزارة الإسكان,727.0,4,452459.0,331.0,4,452459.0,إسكان رياض الخبراء - رياض الخبراء,readymade_moh_land,2020-01-29,construction_completed,villa,745,"0.0,0.0"
project_75,المخواة,AL MUKHWAH,الباحة,Bahah,0,0,0,0,وزارة الإسكان,495.0,3,500000.0,387.35,3,390000.0,إسكان المخواة - المخواة,readymade_moh_land,2020-01-29,construction_completed,villa,1642,"0.0,0.0"
project_70,احد المسارحة,AHAD AL MUSARIHAH,جازان,Jizan,0,0,0,0,وزارة الإسكان,504.02,4,550000.0,100.0,4,0.0,إسكان أحد المسارحة - أحد المسارحة,readymade_moh_land,2020-01-29,construction_completed,villa,2929,"0.0,0.0"
project_78,رفحاء,RAFHA',الحدود الشمالية,Northern Borders,0,0,0,0,وزارة الإسكان,525.0,3,336000.0,475.0,3,336000.0,إسكان رفحاء - رفحاء,readymade_moh_land,2020-01-29,construction_completed,villa,756,"0.0,0.0"
project_96,شقراء,SHAQRA',الرياض,Riyadh,0,0,0,0,وزارة الإسكان,514.28,4,339500.0,459.14,4,339500.0,إسكان شقراء - شقراء,readymade_moh_land,2020-01-29,construction_completed,villa,1877,"0.0,0.0"
project_1003,الرياض,AR RIYADH,الرياض,Riyadh,1,3,0,1,شركة الأشغال العقارية,55.4624,3,1000000.0,25.0848,2,650000.0,هبيتات٢ - الرياض,offplan_private_land,2022-02-08,under_construction,apartment,89704,"24.839944,46.765028"
project_80,عرعر,AR'AR,الحدود الشمالية,Northern Borders,0,0,0,0,وزارة الإسكان,500.0,3,315000.0,500.0,3,315000.0,إسكان عرعر - عرعر,readymade_moh_land,2020-01-29,construction_completed,villa,2769,"0.0,0.0"
project_95,رماح,RUMAH,الرياض,Riyadh,0,0,0,0,وزارة الإسكان,620.0,4,400000.0,465.0,4,400000.0,إسكان رماح - رماح,readymade_moh_land,2020-01-29,construction_completed,villa,2317,"0.0,0.0"
project_100,عنيزة,UNAYZAH,القصيم,Qassim,0,0,0,0,وزارة الإسكان,525.0,3,342000.0,500.0,3,342000.0,إسكان عنيزة - عنيزة,readymade_moh_land,2020-01-29,construction_completed,villa,22846,"0.0,0.0"
project_108,العلا,AL ULA,المدينة المنورة,Madinah,0,0,0,0,وزارة الإسكان,1175.0,3,428000.0,730.0,3,428000.0,إسكان العلا - العلا,readymade_moh_land,2020-01-29,construction_completed,villa,1350,"0.0,37.976167"
project_128,خيبر,KHAYBAR,المدينة المنورة,Madinah,0,0,0,0,وزارة الإسكان,774.0,4,550000.0,100.0,4,100000.0,إسكان خيبر - خيبر,readymade_moh_land,2020-01-29,construction_completed,villa,989,"0.0,0.0"
project_1017,جدة,JEDDAH,مكة المكرمة,Makkah,1,1,0,1,الشركة الوطنية للإسكان البناء المطور,456.97,1,638096.05,348.908,1,301525.0,السدن - جدة,advanced_self_construction,2020-01-29,under_construction,villa,12626,"21.391739,39.253628"
project_691,الدمام,AD DAMMAM,المنطقة الشرقية,Eastern Province,1,2,0,1,شركة روانا للتطوير والاستثمار العقاري,218.0,3,985000.0,142.0,3,690000.0,دان - الدمام,offplan_private_land,2022-02-01,under_construction,apartment,21137,"26.3565833,50.1339943812"
project_1020,الجبيل,AL JUBAIL,المنطقة الشرقية,Eastern Province,1,2,0,1,شركة مرجان الشرقية للمقاولات العامة,266.0,4,698000.0,230.0,4,698000.0,درة الجبيل - الجبيل,offplan_private_land,2022-08-23,under_construction,apartment,3628,"26.851434,49.795433"
project_1001,جدة,JEDDAH,مكة المكرمة,Makkah,1,107,0,1,شركة أزهر القابضة,350.98242,4,811494.0,192.1,3,462786.0,بيلار - جدة,offplan_moh_land,2022-01-27,under_construction,apartment,102294,"21.752458,39.165661"
project_13,الهفوف,AL HUFUF,المنطقة الشرقية,Eastern Province,0,0,0,1,الفايزية,462.0,4,928300.0,236.0,3,666000.0,مخطط الجوهرة السكني - الأحساء,offplan_private_land,2022-01-23,under_construction,villa,18439,"25.316833,49.544667"
project_8,الطائف,AT TAIF,مكة المكرمة,Makkah,1,143,0,1,تواصل الإمداد,317.89,6,812682.0,164.463,3,361812.0,الفتح - الطائف -  تواصل الإمداد,offplan_private_land,2022-01-23,under_construction,apartment,23287,"21.524833,40.508167"
project_11,مكة المكرمة,MAKKAH AL MUKARRAMAH,مكة المكرمة,Makkah,1,40,0,1,الخماسية,511.0,5,1218195.0,139.36,2,450690.0,رتاج - مكة المكرمة,offplan_private_land,2022-01-23,under_construction,apartment,43208,"21.556583,39.798583"
project_55,الدمام,AD DAMMAM,المنطقة الشرقية,Eastern Province,0,0,0,0,شركة إسكان الحاكمية للاستثمار والتطوير العقاري,549.6887,4,963798.0,250.0,3,595000.0,الواجهة - الدمام,offplan_private_land,2022-01-23,under_construction,villa,31826,"26.342972,49.995639"
project_653,الرياض,AR RIYADH,الرياض,Riyadh,0,0,0,1,الشركة العقارية السعودية,765.0,4,1997052.0,230.0,3,892888.0,الضاحية السكني - الرياض,offplan_private_land,2022-01-23,under_construction,villa,32586,"24.9013546,46.7904786"
project_652,الرياض,AR RIYADH,الرياض,Riyadh,1,19,0,1,شركة فيصل عبدالله بن سعيدان للاستثمار والتطويرالعقاري,199.0,4,741633.0,157.0,4,471000.0,جوهرة الغروب - الرياض,offplan_private_land,2022-01-23,under_construction,apartment,24404,"24.543996,46.5137162"
project_673,الخبر,AL KHUBAR,المنطقة الشرقية,Eastern Province,0,0,0,1,شركة افاق التعمير للتطوير والاستثمار العقاري,501.95,4,1196204.0,299.36,3,985145.0,دانة البحر - الخبر,offplan_private_land,2022-01-23,under_construction,villa,6239,"26.210722,50.169167"
project_701,الخبر,AL KHUBAR,المنطقة الشرقية,Eastern Province,0,0,0,1,رتال,727.0,4,1646100.0,348.0,4,1074520.0,نساج تاون - الخبر,offplan_private_land,2022-01-23,under_construction,villa,9243,"26.1368679,50.152769917"
project_137,الباحة,AL BAHA,الباحة,Bahah,0,0,0,1,لا يوجد مدخل,544.717071,1,0.0,471.324076,1,0.0,مخطط الازدهار - الباحة,lands_moh_land,2022-01-20,no entry,land,74937,"20.016278,41.5177"
project_1022,صبيا,SABYA,جازان,Jizan,1,33,0,1,شركة مدى المحدودة,224.0,6,672000.0,188.64,4,480000.0,مدى السكني - جازان,offplan_private_land,2022-08-11,under_construction,apartment,3495,"24.655908,46.585686"
project_146,صبيا,SABYA,جازان,Jizan,1,17,0,0,لا يوجد مدخل,584.4,1,0.0,400.0,1,0.0,مخطط واحة البستان - صبيا,lands_moh_land,2022-01-20,no entry,land,477822,"17.318725,42.51176"
project_145,حفر الباطن,HAFAR AL BATIN,المنطقة الشرقية,Eastern Province,0,0,0,1,لا يوجد مدخل,573.22,1,0.0,424.18,1,0.0,مخطط الشروق - حفر الباطن,lands_moh_land,2022-01-20,no entry,land,123912,"28.46,46.080389"
project_144,المدينة المنورة,AL MADINAH AL MUNAWWARAH,المدينة المنورة,Madinah,0,0,0,1,لا يوجد مدخل,816.0,1,0.0,499.988996026,1,0.0,مخطط الهضبة - المدينة المنورة,lands_moh_land,2022-01-20,no entry,land,4156041,"24.579846,39.755032"
project_139,بقيق,BUQAYQ,المنطقة الشرقية,Eastern Province,0,0,0,1,لا يوجد مدخل,600.14,1,0.0,445.0,1,0.0,مخطط تلال قرطبة - بقيق,lands_moh_land,2022-01-20,no entry,land,413807,"25.923111,49.607167"
project_141,بارق,BARIQ,عسير,'Asir,0,0,0,0,لا يوجد مدخل,590.210557,1,0.0,400.0,1,0.0,مخطط  ربيع بارق - بارق,lands_moh_land,2022-01-20,no entry,land,178329,"18.825742,41.966253"
project_155,الوجه,AL WAJH,تبوك,Tabuk,1,1,1,0,لا يوجد مدخل,533.33,1,0.0,400.0,1,0.0,مخطط نورس الإسكان -  الوجه,lands_moh_land,2022-01-20,no entry,land,26717,"26.271694,36.451608"
project_149,ظهران الجنوب,DHAHRAN AL JANUB,عسير,'Asir,0,0,0,1,لا يوجد مدخل,530.278,1,0.0,484.843,1,0.0,مخطط  ياسمين - ظهران الجنوب,lands_moh_land,2022-01-20,no entry,land,22149,"17.779707,43.493431"
project_153,طبرجل,TUBARJAL,الجوف,Jawf,0,0,0,0,لا يوجد مدخل,520.0,1,0.0,480.0,1,0.0,مخطط صفا طبرجل - طبرجل,lands_moh_land,2022-01-20,no entry,land,10360,"30.502632,38.170283"
project_152,ضمد,DAMAD,جازان,Jizan,0,0,0,1,لا يوجد مدخل,525.0,1,0.0,400.0,1,0.0,مخطط الريحان - ضمد,lands_moh_land,2022-01-20,no entry,land,35189,"17.109361,42.755194"
project_150,الأسياح,AL ASYAH,القصيم,Qassim,0,0,0,1,لا يوجد مدخل,551.605,1,0.0,477.0,1,0.0,مخطط واحة الأسياح - الأسياح,lands_moh_land,2022-01-20,no entry,land,5396,"26.799611,44.207417"
project_26,الرياض,AR RIYADH,الرياض,Riyadh,0,0,0,1,بنائات العقارية,279.7,5,672000.0,125.0,2,300000.0,إسكان الرياض (مشروع السلطان) - الرياض,readymade_private_land,2022-07-28,construction_completed,apartment,15460,"24.648991,46.555"
project_148,وادي الدواسر,WADI AD DAWASIR,الرياض,Riyadh,0,0,0,1,لا يوجد مدخل,555.919,1,0.0,482.502,1,0.0,مخطط وادي العقيق - وادي الدواسر,lands_moh_land,2022-01-20,no entry,land,45818,"20.467323,44.778423"
project_159,حقل,HAQL,تبوك,Tabuk,0,0,0,1,لا يوجد مدخل,777.2,1,0.0,387.9,1,0.0,مخطط أصداف السلطانية - حقل,lands_moh_land,2022-01-20,no entry,land,18959,"29.21324,34.932062"
project_163,الدرب,AD DARB,جازان,Jizan,0,0,0,1,لا يوجد مدخل,525.0,1,0.0,480.0,1,0.0,مخطط المملكة - الدرب,lands_moh_land,2022-01-20,no entry,land,233174,"17.700056,42.308806"
project_160,الجموم,AL JUMUM,مكة المكرمة,Makkah,0,0,0,1,لا يوجد مدخل,500.000000027,1,0.0,499.0,1,0.0,مخطط الجموم - الجموم,lands_moh_land,2022-01-20,no entry,land,656017,"21.658643,39.617772"
project_171,جدة,JEDDAH,مكة المكرمة,Makkah,0,0,0,1,لا يوجد مدخل,500.0,1,0.0,500.0,1,0.0,مخطط منارات الصفوة - عسفان,lands_moh_land,2022-01-20,no entry,land,3494018,"21.898806,39.234417"
project_168,العيدابي,AL 'AYDABI,جازان,Jizan,0,0,0,1,لا يوجد مدخل,543.71,1,0.0,499.6,1,0.0,مخطط منازل الشهد - جازان,lands_moh_land,2022-01-20,no entry,land,53354,"17.248753,42.897231"
project_169,البكيرية,AL BUKAYRIYAH,القصيم,Qassim,0,0,0,1,لا يوجد مدخل,594.6863,1,0.0,434.2214,1,0.0,مخطط بساتين البكيرية - البكيرية,lands_moh_land,2022-01-20,no entry,land,216398,"26.182657,43.603449"
project_167,الحجرة,AL HAJRAH,الباحة,Bahah,0,0,0,1,لا يوجد مدخل,625.499086883623,1,0.0,454.588749905647,1,0.0,مخطط  أنوار الحجرة - الباحة,lands_moh_land,2022-01-20,no entry,land,217100,"20.185481,41.088044"
project_180,المذنب,AL MIDHNAB,القصيم,Qassim,0,0,0,1,لا يوجد مدخل,576.88,1,0.0,491.0,1,0.0,مخطط معين المذنب - المذنب,lands_moh_land,2022-01-20,no entry,land,31629,"25.826161,44.174328"
project_181,محايل,MUHAYIL,عسير,'Asir,0,0,0,1,لا يوجد مدخل,592.39274,1,0.0,388.194307,1,0.0,مخطط ربيع محايل - محايل,lands_moh_land,2022-01-20,no entry,land,59228,"18.788767,41.906663"
project_1028,الرياض,AR RIYADH,الرياض,Riyadh,1,4,0,1,شركه رسو العقارية,199.55,4,1050000.0,151.35,3,815000.0,رسو 1 - الرياض,offplan_private_land,2022-07-26,under_construction,apartment,10859,"24.810025,46.771981"
project_178,القري,AL QARI,الباحة,Bahah,0,0,0,1,لا يوجد مدخل,548.951,1,0.0,477.587,1,0.0,مخطط روابي الباحة - الباحة,lands_moh_land,2022-01-20,no entry,land,225198,"20.160932,41.38947"
project_183,خميس مشيط,KHAMIS MUSHAYT,عسير,'Asir,0,0,0,1,لا يوجد مدخل,518.354397467399,1,0.0,475.804162831622,1,0.0,مخطط وادي الرفاه - خميس مشيط,lands_moh_land,2022-01-20,no entry,land,164914,"18.696028,42.871111"
project_182,المخواة,AL MUKHWAH,الباحة,Bahah,0,0,0,1,لا يوجد مدخل,598.538475,1,0.0,400.0,1,0.0,مخطط منازل السمير - الباحة,lands_moh_land,2022-01-20,no entry,land,7501,"19.847737,41.449261"
project_184,سراة عبيدة,SARAT ABIDAH,عسير,'Asir,0,0,0,0,لا يوجد مدخل,689.860540758779,1,0.0,427.499685626398,1,0.0,مخطط جوهرة القصر  - سراة عبيدة,lands_moh_land,2022-01-20,no entry,land,300695,"18.06923,43.124416"
project_177,النماص (النماص),AN NAMAS (TANUMAH),عسير,'Asir,0,0,0,1,لا يوجد مدخل,616.79298700328,1,0.0,499.813256967126,1,0.0,مخطط  تلال السرح - النماص,lands_moh_land,2022-01-20,no entry,land,66713,"19.316833,42.145361"
project_176,سكاكا,SAKAKA,الجوف,Jawf,0,0,0,1,لا يوجد مدخل,541.1486,1,0.0,400.0,1,0.0,مخطط ورود سكاكا - سكاكا,lands_moh_land,2022-01-20,no entry,land,32572,"29.979442,40.249676"
project_190,بلجرشي,BILJURASHI,الباحة,Bahah,0,0,0,1,لا يوجد مدخل,680.562,1,0.0,475.5,1,0.0,مخطط روابي الحميد - بلجرشي,lands_moh_land,2022-01-20,no entry,land,208598,"19.83465,41.703233"
project_186,موقق,MAWQAQ,حائل,Ha'il,0,0,0,1,لا يوجد مدخل,539.73,1,0.0,352.34,1,0.0,مخطط التلال - موقق,lands_moh_land,2022-01-20,no entry,land,7976,"27.390814,41.195344"
project_192,العقيق,AL AQIQ,الباحة,Bahah,1,7,0,0,لا يوجد مدخل,545.44,1,0.0,400.0,1,0.0,مخطط جوهرة العقيق - العقيق,lands_moh_land,2022-01-20,no entry,land,90761,"20.3054,41.58563"
project_195,حبونا,HUBUNA,نجران,Najran,1,17,0,1,لا يوجد مدخل,526.483,1,0.0,480.566,1,0.0,مخطط درة العزيزية - حبونا,lands_moh_land,2022-01-20,no entry,land,38152,"17.842279,44.303663"
project_1024,جدة,JEDDAH,مكة المكرمة,Makkah,1,41,0,1,عبدالرحمن الراشد وأولاده,332.84,5,1467216.0,212.5,5,956836.0,جاردن فيو - جدة,offplan_moh_land,2022-07-03,under_construction,townhouse,68815,"21.774472,39.181277"
project_203,محايل,MUHAYIL,عسير,'Asir,1,35,0,0,لا يوجد مدخل,556.90314082345,1,0.0,466.950289352773,1,0.0,مخطط درة سحبان - محايل عسير,lands_moh_land,2022-01-20,no entry,land,333327,"18.706029,42.068267"
project_202,طريف,TURAIF,الحدود الشمالية,Northern Borders,0,0,0,1,لا يوجد مدخل,527.5,1,0.0,499.9988,1,0.0,مخطط واحة طريف ١ - طريف,lands_moh_land,2022-01-20,no entry,land,12486,"31.649161,38.686154"
project_211,الرس,AR RASS,القصيم,Qassim,1,1,1,0,لا يوجد مدخل,1111.294443,1,0.0,400.0,1,0.0,مخطط منازل الرس - الرس,lands_moh_land,2022-01-20,no entry,land,808840,"25.897574,43.542005"
project_209,قلوة,QILWAH,الباحة,Bahah,0,0,0,1,لا يوجد مدخل,569.620996240996,1,0.0,450.00045142102,1,0.0,مخطط إطلالة الوادي - قلوة,lands_moh_land,2022-01-20,no entry,land,9625,"19.905997,41.162563"
project_212,البدائع,AL BADAI',القصيم,Qassim,1,5,0,0,لا يوجد مدخل,604.88,1,0.0,454.09,1,0.0,مخطط  ربيع البدائع - البدائع,lands_moh_land,2022-01-20,no entry,land,3590784,"25.95005,43.723738"
project_207,جدة,JEDDAH,مكة المكرمة,Makkah,0,0,0,1,لا يوجد مدخل,450.0,1,0.0,450.0,1,0.0,مخطط روضة التعاون - الخمرة,lands_moh_land,2022-01-20,no entry,land,187354,"21.338748,39.264257"
project_206,العرضية الجنوبية,AL 'ARDIA AL JANUBIA,مكة المكرمة,Makkah,0,0,0,1,لا يوجد مدخل,500.0,1,0.0,500.0,1,0.0,مخطط واحة العرضية - العرضيات,lands_moh_land,2022-01-20,no entry,land,282812,"19.389449,41.850462"
project_205,عفراء,'AFRA',عسير,'Asir,0,0,0,1,لا يوجد مدخل,1001.8106493379,1,0.0,400.0,1,0.0,مخطط شرفات الوادي - بلقرن,lands_moh_land,2022-01-20,no entry,land,167526,"19.706958,42.039368"
project_219,حريملاء,HURAYMILA,الرياض,Riyadh,0,0,0,1,لا يوجد مدخل,558.0,1,0.0,487.5,1,0.0,مخطط شرفات - حريملاء,lands_moh_land,2022-01-20,no entry,land,84464,"25.107644,46.186212"
project_216,ابها,ABHA,عسير,'Asir,0,0,0,1,لا يوجد مدخل,569.976479147407,1,0.0,454.866274251684,1,0.0,مخطط نسيم أبها - أبها,lands_moh_land,2022-01-20,no entry,land,584139,"18.358569,42.526731"
project_1027,الرياض,AR RIYADH,الرياض,Riyadh,1,108,0,1,بن جارالله,362.036,4,1471409.0,249.594,4,973253.0,أزيان نمار - الرياض,offplan_moh_land,2022-07-03,under_construction,villa,45195,"24.566289,46.676295"
project_220,القريات,AL QURAYYAT,الجوف,Jawf,0,0,0,1,لا يوجد مدخل,538.48,1,0.0,438.04,1,0.0,مخطط النخيل - القريات,lands_moh_land,2022-01-20,no entry,land,8466,"31.293095,37.342182"
project_214,حوطة بني تميم,HAWTAT BANI TAMIM,الرياض,Riyadh,0,0,0,1,لا يوجد مدخل,1365.0,1,0.0,622.03,1,0.0,مخطط منازل الحوطة - حوطة بني تميم,lands_moh_land,2022-01-20,no entry,land,4323,"23.512205,46.89964"
project_217,سميراء,SIMIRA',حائل,Ha'il,1,1,0,1,لا يوجد مدخل,597.924,1,0.0,476.619,1,0.0,مخطط الازدهار - سميراء,lands_moh_land,2022-01-20,no entry,land,9524,"26.511051,42.114135"
project_225,المجاردة,AL MAJARDAH,عسير,'Asir,0,0,0,1,لا يوجد مدخل,550.0,1,0.0,497.5,1,0.0,مخطط العبير - عسير,lands_moh_land,2022-01-20,no entry,land,173686,"19.1067,41.857862"
project_228,الحريق (الحريق),AL HARIQ,الرياض,Riyadh,1,4,4,0,لا يوجد مدخل,519.88,1,0.0,479.33,1,0.0,مخطط منازل الزهور - الحريق,lands_moh_land,2022-01-20,no entry,land,10617,"23.607434,46.490155"
project_238,البكيرية,AL BUKAYRIYAH,القصيم,Qassim,0,0,0,1,لا يوجد مدخل,750.0,1,0.0,575.5,1,0.0,مخطط إسكان البكيرية - البكيرية,lands_moh_land,2022-01-20,no entry,land,12166,"26.177791,43.612227"
project_236,سراة عبيدة,SARAT ABIDAH,عسير,'Asir,0,0,0,1,لا يوجد مدخل,580.722927714819,1,0.0,472.375871797447,1,0.0,مخطط الروابي - سراة عبيدة,lands_moh_land,2022-01-20,no entry,land,131841,"18.025902,43.152436"
project_237,المدينة المنورة,AL MADINAH AL MUNAWWARAH,المدينة المنورة,Madinah,1,2,0,0,لا يوجد مدخل,550.0,1,0.0,500.0,1,0.0,مخطط الشروق -  المدينة المنورة,lands_moh_land,2022-01-20,no entry,land,10888216,"24.469556,39.807306"
project_374,ابها,ABHA,عسير,'Asir,0,0,0,1,لا يوجد مدخل,752.991499582852,1,0.0,393.055892156418,1,0.0,مخطط روابي أبها - أبها,lands_moh_land,2022-01-20,no entry,land,1054049,"18.343258,42.519739"
project_241,عنيزة,UNAYZAH,القصيم,Qassim,0,0,0,1,لا يوجد مدخل,714.45,1,0.0,450.0,1,0.0,مخطط آفاق الصفا - عنيزة,lands_moh_land,2022-01-20,no entry,land,1387225,"26.134406,44.05993"
